id,sku,name,name_si,description,description_si,category_id,price,stock_quantity,brand,purchase_frequency,image_url,is_active,created_by,created_at,updated_at
cf83b8d6-e582-4f22-8b0a-0c3f74c76b72,SKU000001,Keells Pastries,,Quality Pastries by Keells,,7a017b58-4696-4590-9b0d-1d990f3e3857,398.7,81,Keells,high,,True,,2024-06-27 00:00:00+00,2024-04-18 00:00:00+00
885c9538-87b0-43db-8714-7aaa13b7e250,SKU000002,Unilever Cakes,,Quality Cakes by Unilever,,7a017b58-4696-4590-9b0d-1d990f3e3857,145.3,490,Unilever,high,,True,,2024-03-27 00:00:00+00,2024-01-27 00:00:00+00
8b424158-65b6-4bf6-b9c3-53ee2091f1a2,SKU000003,Raigam Brown Bread,,Quality Brown Bread by Raigam,,7a017b58-4696-4590-9b0d-1d990f3e3857,120.62,433,Raigam,high,,True,,2024-03-29 00:00:00+00,2024-06-03 00:00:00+00
0cda3e76-4359-4619-b894-b43c83eb83c8,SKU000004,Anchor Pastries,,Quality Pastries by Anchor,,7a017b58-4696-4590-9b0d-1d990f3e3857,386.49,274,Anchor,high,,True,,2024-02-01 00:00:00+00,2024-04-06 00:00:00+00
c93b96fd-0f4e-4620-b859-738e7a246d6f,SKU000005,Imported Brown Bread,,Quality Brown Bread by Imported,,7a017b58-4696-4590-9b0d-1d990f3e3857,203.13,321,Imported,high,,True,,2024-06-07 00:00:00+00,2024-04-02 00:00:00+00
efd95b54-4bb8-4864-a0cb-e57b9376b68b,SKU000006,Coca-Cola Muffins,,Quality Muffins by Coca-Cola,,7a017b58-4696-4590-9b0d-1d990f3e3857,375.92,23,Coca-Cola,high,,True,,2024-06-18 00:00:00+00,2024-02-28 00:00:00+00
98439996-98d3-48e7-8bc2-74df049f3b1c,SKU000007,Maliban Pastries,,Quality Pastries by Maliban,,7a017b58-4696-4590-9b0d-1d990f3e3857,439.23,443,Maliban,high,,True,,2024-01-26 00:00:00+00,2024-04-07 00:00:00+00
5b70a689-cd0f-4f31-a2f5-c01e2a70d736,SKU000008,Richlife Pastries,,Quality Pastries by Richlife,,7a017b58-4696-4590-9b0d-1d990f3e3857,346.99,186,Richlife,high,,True,,2024-02-11 00:00:00+00,2024-04-04 00:00:00+00
137aa340-c9ed-4546-adbb-eb878f826272,SKU000009,Coca-Cola Cakes,,Quality Cakes by Coca-Cola,,7a017b58-4696-4590-9b0d-1d990f3e3857,361.47,359,Coca-Cola,high,,True,,2024-06-23 00:00:00+00,2024-06-14 00:00:00+00
57185b3b-cb5d-4561-83a3-30c5d508d0a3,SKU000010,Kotmale Brown Bread,,Quality Brown Bread by Kotmale,,7a017b58-4696-4590-9b0d-1d990f3e3857,304.34,125,Kotmale,high,,True,,2024-02-11 00:00:00+00,2024-04-28 00:00:00+00
b9d15f36-3c61-412a-a164-05fa465cdb77,SKU000011,Unilever Donuts,,Quality Donuts by Unilever,,7a017b58-4696-4590-9b0d-1d990f3e3857,495.6,327,Unilever,high,,True,,2024-06-25 00:00:00+00,2024-05-22 00:00:00+00
4cdfd5f7-db54-439d-b93e-95a58ec213b8,SKU000012,MD Croissants,,Quality Croissants by MD,,7a017b58-4696-4590-9b0d-1d990f3e3857,434.0,397,MD,high,,True,,2024-01-15 00:00:00+00,2024-02-28 00:00:00+00
6b21da50-b054-4429-9538-5adb74cc3b5c,SKU000013,MD White Bread,,Quality White Bread by MD,,7a017b58-4696-4590-9b0d-1d990f3e3857,248.49,33,MD,high,,True,,2024-02-24 00:00:00+00,2024-05-25 00:00:00+00
e4372b6b-e13f-44c1-bc8b-f5ad8875d3b4,SKU000014,Coca-Cola Cakes 1,,Quality Cakes by Coca-Cola,,7a017b58-4696-4590-9b0d-1d990f3e3857,355.28,202,Coca-Cola,high,,True,,2024-06-13 00:00:00+00,2024-04-27 00:00:00+00
50e7ff62-9edb-4df1-9afb-be03e2d9daf7,SKU000015,Unilever Buns,,Quality Buns by Unilever,,7a017b58-4696-4590-9b0d-1d990f3e3857,138.64,381,Unilever,high,,True,,2024-05-23 00:00:00+00,2024-05-17 00:00:00+00
8974d7b2-4a94-4655-8826-62b54817618e,SKU000016,Tiara Pastries,,Quality Pastries by Tiara,,7a017b58-4696-4590-9b0d-1d990f3e3857,457.09,204,Tiara,high,,True,,2024-04-02 00:00:00+00,2024-02-26 00:00:00+00
c87940eb-76c6-403e-8a31-9490f3a351fa,SKU000017,Store Brand Buns,,Quality Buns by Store Brand,,7a017b58-4696-4590-9b0d-1d990f3e3857,287.28,386,Store Brand,high,,True,,2024-01-13 00:00:00+00,2024-01-29 00:00:00+00
7e319944-308c-4da4-b84f-43066007cc0a,SKU000018,Kotmale Cheese,,Quality Cheese by Kotmale,,7f6d2e22-e1b3-4a2b-8774-07782d4b59fa,664.85,216,Kotmale,high,,True,,2024-06-01 00:00:00+00,2024-01-17 00:00:00+00
3ea739f1-efbd-4955-80a4-e82940ba9edb,SKU000019,Raigam Curd,,Quality Curd by Raigam,,7f6d2e22-e1b3-4a2b-8774-07782d4b59fa,537.33,239,Raigam,high,,True,,2024-05-15 00:00:00+00,2024-03-05 00:00:00+00
acb698f6-3a8c-49a7-8d8a-1ae9007f1987,SKU000020,Keells Condensed Milk,,Quality Condensed Milk by Keells,,7f6d2e22-e1b3-4a2b-8774-07782d4b59fa,592.18,58,Keells,high,,True,,2024-06-23 00:00:00+00,2024-05-17 00:00:00+00
feb051ee-d7f9-4a35-ac38-35f82dd7776d,SKU000021,MD Cream,,Quality Cream by MD,,7f6d2e22-e1b3-4a2b-8774-07782d4b59fa,222.51,222,MD,high,,True,,2024-02-10 00:00:00+00,2024-04-26 00:00:00+00
2bb102bc-9a17-4c8e-ba57-42f69867b74c,SKU000022,Unilever Milk,,Quality Milk by Unilever,,7f6d2e22-e1b3-4a2b-8774-07782d4b59fa,781.73,390,Unilever,high,,True,,2024-02-15 00:00:00+00,2024-05-09 00:00:00+00
7215e010-c70a-4ead-bb5d-e094ef530ba0,SKU000023,Prima Yogurt,,Quality Yogurt by Prima,,7f6d2e22-e1b3-4a2b-8774-07782d4b59fa,697.09,259,Prima,high,,True,,2024-06-04 00:00:00+00,2024-02-20 00:00:00+00
0f613e55-81a0-4a0b-954c-bd47e2c6fe74,SKU000024,CBL Cheese,,Quality Cheese by CBL,,7f6d2e22-e1b3-4a2b-8774-07782d4b59fa,645.63,276,CBL,high,,True,,2024-05-15 00:00:00+00,2024-01-01 00:00:00+00
0b198324-c41d-49a3-9657-63d160d1ee58,SKU000025,MD Kefir,,Quality Kefir by MD,,7f6d2e22-e1b3-4a2b-8774-07782d4b59fa,467.59,57,MD,high,,True,,2024-04-02 00:00:00+00,2024-03-19 00:00:00+00
ed4d83e8-c339-4d82-830d-50a94f99e6e5,SKU000026,Anchor Butter,,Quality Butter by Anchor,,7f6d2e22-e1b3-4a2b-8774-07782d4b59fa,306.57,290,Anchor,high,,True,,2024-01-21 00:00:00+00,2024-01-22 00:00:00+00
9d1e6242-c531-443c-8388-02114cd6981b,SKU000027,Maliban Ghee,,Quality Ghee by Maliban,,7f6d2e22-e1b3-4a2b-8774-07782d4b59fa,785.69,272,Maliban,high,,True,,2024-02-02 00:00:00+00,2024-02-02 00:00:00+00
d59eba21-1de4-4ffc-b34d-43eed99d683c,SKU000028,Imported Ghee,,Quality Ghee by Imported,,7f6d2e22-e1b3-4a2b-8774-07782d4b59fa,257.33,270,Imported,high,,True,,2024-06-04 00:00:00+00,2024-04-18 00:00:00+00
0905e19e-8cd7-4657-a575-4cea54bfe9bb,SKU000029,Imported Butter,,Quality Butter by Imported,,7f6d2e22-e1b3-4a2b-8774-07782d4b59fa,640.92,353,Imported,high,,True,,2024-02-21 00:00:00+00,2024-07-01 00:00:00+00
8fd97d52-26c4-4018-acd5-a0663e8ff0a6,SKU000030,Raigam Cream,,Quality Cream by Raigam,,7f6d2e22-e1b3-4a2b-8774-07782d4b59fa,796.85,332,Raigam,high,,True,,2024-04-05 00:00:00+00,2024-04-22 00:00:00+00
3211da68-e910-4a7a-b2de-73422f472d5b,SKU000031,Richlife Condensed Milk,,Quality Condensed Milk by Richlife,,7f6d2e22-e1b3-4a2b-8774-07782d4b59fa,228.65,115,Richlife,high,,True,,2024-01-17 00:00:00+00,2024-03-27 00:00:00+00
cdb3b338-7b10-457b-845a-d8b78ec265bf,SKU000032,Imported Milk,,Quality Milk by Imported,,7f6d2e22-e1b3-4a2b-8774-07782d4b59fa,299.57,112,Imported,high,,True,,2024-01-02 00:00:00+00,2024-01-19 00:00:00+00
f54f3865-31d9-4bcd-b898-e58fdbdb3309,SKU000033,Nestlé Milk,,Quality Milk by Nestlé,,7f6d2e22-e1b3-4a2b-8774-07782d4b59fa,193.81,16,Nestlé,high,,True,,2024-03-25 00:00:00+00,2024-01-19 00:00:00+00
7235b13a-db56-4430-a8ec-687bc6b1274a,SKU000034,Nestlé Condensed Milk,,Quality Condensed Milk by Nestlé,,7f6d2e22-e1b3-4a2b-8774-07782d4b59fa,331.01,248,Nestlé,high,,True,,2024-02-24 00:00:00+00,2024-05-18 00:00:00+00
82c87d1b-2f4e-4782-b867-ea64504eaaaf,SKU000035,Generic Water,,Quality Water by Generic,,db706085-359b-40ca-b298-475bebc22918,367.3,242,Generic,high,,True,,2024-04-14 00:00:00+00,2024-02-18 00:00:00+00
cc7835bc-09d5-42cf-9533-03d33e851041,SKU000036,Munchee Juice,,Quality Juice by Munchee,,db706085-359b-40ca-b298-475bebc22918,824.88,181,Munchee,high,,True,,2024-04-18 00:00:00+00,2024-04-15 00:00:00+00
16675790-5a84-4e88-ad5d-2e2b551cc473,SKU000037,Anchor Coconut Water,,Quality Coconut Water by Anchor,,db706085-359b-40ca-b298-475bebc22918,840.7,330,Anchor,high,,True,,2024-01-26 00:00:00+00,2024-01-16 00:00:00+00
227e37ce-5d76-49bb-9884-cb8078b13f8c,SKU000038,MD Cordials,,Quality Cordials by MD,,db706085-359b-40ca-b298-475bebc22918,980.65,55,MD,high,,True,,2024-03-04 00:00:00+00,2024-02-19 00:00:00+00
453bbb2c-efb0-4eb7-b7f0-183b8b82dadd,SKU000039,Imported Tea,,Quality Tea by Imported,,db706085-359b-40ca-b298-475bebc22918,593.47,216,Imported,high,,True,,2024-02-16 00:00:00+00,2024-03-12 00:00:00+00
3b8977a2-d70c-4b63-860f-6acdece8ec48,SKU000040,Nestlé Coconut Water,,Quality Coconut Water by Nestlé,,db706085-359b-40ca-b298-475bebc22918,1061.93,38,Nestlé,high,,True,,2024-04-23 00:00:00+00,2024-05-20 00:00:00+00
5e5faaa5-3555-42ce-b32b-f8e0d271175a,SKU000041,Anchor Juice,,Quality Juice by Anchor,,db706085-359b-40ca-b298-475bebc22918,817.36,276,Anchor,high,,True,,2024-01-04 00:00:00+00,2024-01-24 00:00:00+00
d929eb0a-c901-4a35-adca-ca0f441ce3b6,SKU000042,Kotmale Tea,,Quality Tea by Kotmale,,db706085-359b-40ca-b298-475bebc22918,547.06,246,Kotmale,high,,True,,2024-02-24 00:00:00+00,2024-04-12 00:00:00+00
2fef07aa-da8e-4ce8-bdae-876b71ebc8b4,SKU000043,Kotmale Soft Drinks,,Quality Soft Drinks by Kotmale,,db706085-359b-40ca-b298-475bebc22918,516.87,199,Kotmale,high,,True,,2024-03-08 00:00:00+00,2024-04-26 00:00:00+00
cfd10df1-3dd1-4345-aa47-ed90e06ea75a,SKU000044,Tiara Coffee,,Quality Coffee by Tiara,,db706085-359b-40ca-b298-475bebc22918,866.25,374,Tiara,high,,True,,2024-05-22 00:00:00+00,2024-06-18 00:00:00+00
a47dedb0-c9a7-44fb-b200-8c52e936ceaf,SKU000045,Elephant House Coconut Water,,Quality Coconut Water by Elephant House,,db706085-359b-40ca-b298-475bebc22918,308.89,111,Elephant House,high,,True,,2024-01-15 00:00:00+00,2024-05-28 00:00:00+00
444c9901-2055-4e60-b2e5-17533b246c71,SKU000046,Anchor Herbal Tea,,Quality Herbal Tea by Anchor,,db706085-359b-40ca-b298-475bebc22918,922.77,29,Anchor,high,,True,,2024-01-13 00:00:00+00,2024-05-29 00:00:00+00
6baaff0e-c66e-4095-953d-77607ea96546,SKU000047,Store Brand Coconut Water,,Quality Coconut Water by Store Brand,,db706085-359b-40ca-b298-475bebc22918,1111.33,271,Store Brand,high,,True,,2024-02-10 00:00:00+00,2024-01-15 00:00:00+00
de7e2f18-22e7-401e-afad-5e610475253d,SKU000048,Maliban Herbal Tea,,Quality Herbal Tea by Maliban,,db706085-359b-40ca-b298-475bebc22918,1036.48,35,Maliban,high,,True,,2024-06-01 00:00:00+00,2024-01-18 00:00:00+00
e033903a-4d83-4803-863b-c790f712fde3,SKU000049,Raigam Tea,,Quality Tea by Raigam,,db706085-359b-40ca-b298-475bebc22918,231.88,455,Raigam,high,,True,,2024-05-25 00:00:00+00,2024-03-04 00:00:00+00
cca5fa95-aee1-451f-85bb-d92eecd18580,SKU000050,Anchor Iced Tea,,Quality Iced Tea by Anchor,,db706085-359b-40ca-b298-475bebc22918,781.32,214,Anchor,high,,True,,2024-06-17 00:00:00+00,2024-05-29 00:00:00+00
08cee657-5eeb-47b6-9586-b730da57410f,SKU000051,Store Brand Iced Tea,,Quality Iced Tea by Store Brand,,db706085-359b-40ca-b298-475bebc22918,448.01,133,Store Brand,high,,True,,2024-02-22 00:00:00+00,2024-06-20 00:00:00+00
b9703b81-5101-49cd-afa8-446c1b959008,SKU000052,Nestlé Pineapples,,Quality Pineapples by Nestlé,,56a8ff94-c304-436e-8f7a-8c5195bf7498,412.49,67,Nestlé,medium,,True,,2024-06-20 00:00:00+00,2024-06-14 00:00:00+00
ff4d5850-698b-4672-b359-6554ff715282,SKU000053,Richlife Mangoes,,Quality Mangoes by Richlife,,56a8ff94-c304-436e-8f7a-8c5195bf7498,452.94,384,Richlife,medium,,True,,2024-01-19 00:00:00+00,2024-01-03 00:00:00+00
db351a36-1b55-49ca-89ee-48d240e8d43d,SKU000054,Munchee Watermelon,,Quality Watermelon by Munchee,,56a8ff94-c304-436e-8f7a-8c5195bf7498,258.61,109,Munchee,medium,,True,,2024-05-09 00:00:00+00,2024-03-08 00:00:00+00
358fdf5e-1159-4a6a-a6dd-5dfaf1d89f85,SKU000055,CBL Oranges,,Quality Oranges by CBL,,56a8ff94-c304-436e-8f7a-8c5195bf7498,904.69,450,CBL,medium,,True,,2024-03-03 00:00:00+00,2024-04-04 00:00:00+00
b801aaee-facf-45a1-a388-07a2210eb983,SKU000056,Kotmale Mangoes,,Quality Mangoes by Kotmale,,56a8ff94-c304-436e-8f7a-8c5195bf7498,550.55,278,Kotmale,medium,,True,,2024-06-29 00:00:00+00,2024-03-18 00:00:00+00
31da6a7b-b41d-4bc6-ad5c-cd00ba5ffb7f,SKU000057,Store Brand Guava,,Quality Guava by Store Brand,,56a8ff94-c304-436e-8f7a-8c5195bf7498,206.26,418,Store Brand,medium,,True,,2024-05-21 00:00:00+00,2024-03-17 00:00:00+00
b54a01d4-46bc-4494-8ddd-c7c9d22b63ec,SKU000058,Elephant House Bananas,,Quality Bananas by Elephant House,,56a8ff94-c304-436e-8f7a-8c5195bf7498,411.57,455,Elephant House,medium,,True,,2024-01-28 00:00:00+00,2024-05-21 00:00:00+00
2b89a3ad-7268-4184-9372-d9406d6f506c,SKU000059,Unilever Oranges,,Quality Oranges by Unilever,,56a8ff94-c304-436e-8f7a-8c5195bf7498,425.41,107,Unilever,medium,,True,,2024-03-28 00:00:00+00,2024-02-22 00:00:00+00
c64f2225-0fd7-488a-acb3-b5e9ce393849,SKU000060,Store Brand Mangoes,,Quality Mangoes by Store Brand,,56a8ff94-c304-436e-8f7a-8c5195bf7498,590.83,463,Store Brand,medium,,True,,2024-01-14 00:00:00+00,2024-01-24 00:00:00+00
edda55bd-41f1-4afb-a86c-51afbc911424,SKU000061,Unilever Papaya,,Quality Papaya by Unilever,,56a8ff94-c304-436e-8f7a-8c5195bf7498,235.27,170,Unilever,medium,,True,,2024-02-03 00:00:00+00,2024-06-12 00:00:00+00
e9625a2f-2774-424e-94e1-93aeca0c811d,SKU000062,Kotmale Mangoes 1,,Quality Mangoes by Kotmale,,56a8ff94-c304-436e-8f7a-8c5195bf7498,792.98,282,Kotmale,medium,,True,,2024-06-29 00:00:00+00,2024-04-19 00:00:00+00
1a7682cf-4b8e-4493-92b3-7c0e8c52c977,SKU000063,Keells Strawberries,,Quality Strawberries by Keells,,56a8ff94-c304-436e-8f7a-8c5195bf7498,289.5,483,Keells,medium,,True,,2024-06-25 00:00:00+00,2024-02-08 00:00:00+00
871266e2-8fd4-445b-9a89-9d429995d881,SKU000064,Anchor Strawberries,,Quality Strawberries by Anchor,,56a8ff94-c304-436e-8f7a-8c5195bf7498,867.68,298,Anchor,medium,,True,,2024-05-21 00:00:00+00,2024-02-07 00:00:00+00
3feb6c56-2b15-4045-9a90-f4b3e24a0752,SKU000065,Elephant House Papaya,,Quality Papaya by Elephant House,,56a8ff94-c304-436e-8f7a-8c5195bf7498,233.46,186,Elephant House,medium,,True,,2024-01-11 00:00:00+00,2024-04-01 00:00:00+00
b93a0fdb-1f28-47c2-a241-5e1a14bca6b2,SKU000066,Nestlé Grapes,,Quality Grapes by Nestlé,,56a8ff94-c304-436e-8f7a-8c5195bf7498,733.55,181,Nestlé,medium,,True,,2024-05-23 00:00:00+00,2024-04-14 00:00:00+00
13a4065a-ebb5-44cb-89bc-964cd6a67996,SKU000067,Elephant House Guava,,Quality Guava by Elephant House,,56a8ff94-c304-436e-8f7a-8c5195bf7498,940.61,121,Elephant House,medium,,True,,2024-02-11 00:00:00+00,2024-02-15 00:00:00+00
2220bf94-968f-4d95-a09b-d6a18b38f7c5,SKU000068,Keells Papaya,,Quality Papaya by Keells,,56a8ff94-c304-436e-8f7a-8c5195bf7498,343.49,473,Keells,medium,,True,,2024-03-26 00:00:00+00,2024-04-15 00:00:00+00
a917c301-5154-4f3b-8aff-16f9645c5b7c,SKU000069,Unilever Carrots,,Quality Carrots by Unilever,,028cc8c1-1a51-44d1-b4dd-5dc11dcb3e73,253.48,359,Unilever,high,,True,,2024-01-28 00:00:00+00,2024-04-07 00:00:00+00
ee51ddd2-f3f3-40b3-9588-67dd484a78aa,SKU000070,Generic Tomatoes,,Quality Tomatoes by Generic,,028cc8c1-1a51-44d1-b4dd-5dc11dcb3e73,294.58,418,Generic,high,,True,,2024-04-27 00:00:00+00,2024-03-30 00:00:00+00
1b85605c-5917-49a1-9bb0-540a30bce6bb,SKU000071,Nestlé Cabbage,,Quality Cabbage by Nestlé,,028cc8c1-1a51-44d1-b4dd-5dc11dcb3e73,294.9,337,Nestlé,high,,True,,2024-02-19 00:00:00+00,2024-04-12 00:00:00+00
60319056-e8b1-4ab1-ad5c-4951ea83aefd,SKU000072,Unilever Beans,,Quality Beans by Unilever,,028cc8c1-1a51-44d1-b4dd-5dc11dcb3e73,711.83,495,Unilever,high,,True,,2024-03-12 00:00:00+00,2024-03-30 00:00:00+00
ced4a8a6-8280-413f-ac8d-372589d38d0f,SKU000073,Raigam Okra,,Quality Okra by Raigam,,028cc8c1-1a51-44d1-b4dd-5dc11dcb3e73,591.69,431,Raigam,high,,True,,2024-05-17 00:00:00+00,2024-03-25 00:00:00+00
2fb0738c-b69e-41a9-ba32-af97d1f92e78,SKU000074,Munchee Tomatoes,,Quality Tomatoes by Munchee,,028cc8c1-1a51-44d1-b4dd-5dc11dcb3e73,720.07,133,Munchee,high,,True,,2024-02-15 00:00:00+00,2024-05-28 00:00:00+00
9be74d8d-ab6e-4b7c-ae1a-be69869fac82,SKU000075,Anchor Cabbage,,Quality Cabbage by Anchor,,028cc8c1-1a51-44d1-b4dd-5dc11dcb3e73,220.46,222,Anchor,high,,True,,2024-03-29 00:00:00+00,2024-03-21 00:00:00+00
696b5b30-2ae1-46cd-ae82-010a44a6144f,SKU000076,Store Brand Leeks,,Quality Leeks by Store Brand,,028cc8c1-1a51-44d1-b4dd-5dc11dcb3e73,225.17,460,Store Brand,high,,True,,2024-05-27 00:00:00+00,2024-02-18 00:00:00+00
a17e64ad-52b9-4d77-a45a-d7b8ef3fe610,SKU000077,Anchor Cabbage 1,,Quality Cabbage by Anchor,,028cc8c1-1a51-44d1-b4dd-5dc11dcb3e73,610.71,0,Anchor,high,,True,,2024-05-13 00:00:00+00,2024-05-17 00:00:00+00
af9fc826-be3e-44fa-9c97-3c3caea46564,SKU000078,CBL Carrots,,Quality Carrots by CBL,,028cc8c1-1a51-44d1-b4dd-5dc11dcb3e73,430.34,485,CBL,high,,True,,2024-06-19 00:00:00+00,2024-03-25 00:00:00+00
07b57e7f-431a-4685-b95b-6b36dea80670,SKU000079,MD Pumpkin,,Quality Pumpkin by MD,,028cc8c1-1a51-44d1-b4dd-5dc11dcb3e73,581.2,63,MD,high,,True,,2024-03-17 00:00:00+00,2024-05-09 00:00:00+00
2a343fbf-2570-4571-af4d-a077f8cb0445,SKU000080,Tiara Cabbage,,Quality Cabbage by Tiara,,028cc8c1-1a51-44d1-b4dd-5dc11dcb3e73,362.02,356,Tiara,high,,True,,2024-03-16 00:00:00+00,2024-05-21 00:00:00+00
871a017e-af36-49c6-abd0-0d56222d91c9,SKU000081,Coca-Cola Potatoes,,Quality Potatoes by Coca-Cola,,028cc8c1-1a51-44d1-b4dd-5dc11dcb3e73,423.29,481,Coca-Cola,high,,True,,2024-04-07 00:00:00+00,2024-06-22 00:00:00+00
15a25a65-591b-4c56-b048-0b971a2d12c2,SKU000082,Prima Potatoes,,Quality Potatoes by Prima,,028cc8c1-1a51-44d1-b4dd-5dc11dcb3e73,413.95,426,Prima,high,,True,,2024-01-01 00:00:00+00,2024-03-18 00:00:00+00
7d24bb47-a745-42d9-86dd-a23835f4707a,SKU000083,Coca-Cola Cabbage,,Quality Cabbage by Coca-Cola,,028cc8c1-1a51-44d1-b4dd-5dc11dcb3e73,429.43,296,Coca-Cola,high,,True,,2024-06-04 00:00:00+00,2024-06-16 00:00:00+00
6dfc028b-39da-4dfe-a5e8-5636aed07ac0,SKU000084,Richlife Beans,,Quality Beans by Richlife,,028cc8c1-1a51-44d1-b4dd-5dc11dcb3e73,437.16,345,Richlife,high,,True,,2024-02-24 00:00:00+00,2024-05-10 00:00:00+00
748d2f4e-8f95-4acc-a23b-1f66cc96408e,SKU000085,Kotmale Brinjal,,Quality Brinjal by Kotmale,,028cc8c1-1a51-44d1-b4dd-5dc11dcb3e73,578.25,145,Kotmale,high,,True,,2024-05-11 00:00:00+00,2024-06-18 00:00:00+00
0c64cb15-7924-49e8-b7e9-d9a818060312,SKU000086,MD Crab,,Quality Crab by MD,,e3855653-54b6-4f86-8c6c-f605bcd8d5fa,733.47,487,MD,medium,,True,,2024-03-01 00:00:00+00,2024-06-21 00:00:00+00
8e626ae4-3649-4198-9f9a-018bfbcaabe0,SKU000087,Nestlé Prawns,,Quality Prawns by Nestlé,,e3855653-54b6-4f86-8c6c-f605bcd8d5fa,2516.41,75,Nestlé,medium,,True,,2024-01-07 00:00:00+00,2024-01-12 00:00:00+00
0407be98-24e1-47c7-b280-84ec419a1ee3,SKU000088,Generic Fish,,Quality Fish by Generic,,e3855653-54b6-4f86-8c6c-f605bcd8d5fa,2028.18,393,Generic,medium,,True,,2024-01-19 00:00:00+00,2024-04-26 00:00:00+00
f048da9a-842f-4df0-b299-5a28e3567804,SKU000089,Coca-Cola Sausages,,Quality Sausages by Coca-Cola,,e3855653-54b6-4f86-8c6c-f605bcd8d5fa,2295.86,196,Coca-Cola,medium,,True,,2024-05-06 00:00:00+00,2024-04-12 00:00:00+00
9691b48b-6eb8-49b2-bf04-16dd8b6ba2c4,SKU000090,Elephant House Fish,,Quality Fish by Elephant House,,e3855653-54b6-4f86-8c6c-f605bcd8d5fa,2140.15,2,Elephant House,medium,,True,,2024-01-28 00:00:00+00,2024-04-18 00:00:00+00
038b92ea-8205-4fb6-91c8-e7cc43aa6cd5,SKU000091,Kotmale Fish,,Quality Fish by Kotmale,,e3855653-54b6-4f86-8c6c-f605bcd8d5fa,2510.27,356,Kotmale,medium,,True,,2024-05-12 00:00:00+00,2024-04-28 00:00:00+00
edcffa97-5deb-45d9-8fa2-00defac540a6,SKU000092,Imported Chicken,,Quality Chicken by Imported,,e3855653-54b6-4f86-8c6c-f605bcd8d5fa,1123.0,434,Imported,medium,,True,,2024-02-01 00:00:00+00,2024-04-26 00:00:00+00
c053e6e5-d8fc-4c46-ba43-0579600877b4,SKU000093,Richlife Pork,,Quality Pork by Richlife,,e3855653-54b6-4f86-8c6c-f605bcd8d5fa,2168.94,286,Richlife,medium,,True,,2024-06-01 00:00:00+00,2024-03-22 00:00:00+00
8c0df102-98dc-4687-9a30-14f7bcbd0528,SKU000094,Store Brand Tuna,,Quality Tuna by Store Brand,,e3855653-54b6-4f86-8c6c-f605bcd8d5fa,1566.85,464,Store Brand,medium,,True,,2024-05-20 00:00:00+00,2024-04-24 00:00:00+00
181266f9-1b92-45d9-91e6-111fa9cfc0e6,SKU000095,Generic Pork,,Quality Pork by Generic,,e3855653-54b6-4f86-8c6c-f605bcd8d5fa,1625.17,384,Generic,medium,,True,,2024-03-04 00:00:00+00,2024-06-12 00:00:00+00
142575f0-48dd-4cd7-8b84-0c2777ccd00e,SKU000096,Store Brand Prawns,,Quality Prawns by Store Brand,,e3855653-54b6-4f86-8c6c-f605bcd8d5fa,1711.49,122,Store Brand,medium,,True,,2024-03-11 00:00:00+00,2024-04-22 00:00:00+00
df167083-b06c-4c26-8eed-356b9e4bb750,SKU000097,Prima Beef,,Quality Beef by Prima,,e3855653-54b6-4f86-8c6c-f605bcd8d5fa,1086.23,171,Prima,medium,,True,,2024-03-22 00:00:00+00,2024-05-18 00:00:00+00
073facbf-6cca-4dd6-b3f1-d41dd365588a,SKU000098,Elephant House Beef,,Quality Beef by Elephant House,,e3855653-54b6-4f86-8c6c-f605bcd8d5fa,877.08,196,Elephant House,medium,,True,,2024-06-26 00:00:00+00,2024-02-09 00:00:00+00
88754df7-9845-49b2-8b62-f4833e515b2b,SKU000099,Maliban Fish,,Quality Fish by Maliban,,e3855653-54b6-4f86-8c6c-f605bcd8d5fa,1537.17,169,Maliban,medium,,True,,2024-05-18 00:00:00+00,2024-04-29 00:00:00+00
e8beb763-554d-45b6-bd7f-b5ee991209da,SKU000100,Anchor Sausages,,Quality Sausages by Anchor,,e3855653-54b6-4f86-8c6c-f605bcd8d5fa,1017.09,215,Anchor,medium,,True,,2024-04-09 00:00:00+00,2024-05-29 00:00:00+00
de4263d1-4202-4481-8ca9-b3e0b0894831,SKU000101,Raigam Chicken,,Quality Chicken by Raigam,,e3855653-54b6-4f86-8c6c-f605bcd8d5fa,1692.45,482,Raigam,medium,,True,,2024-03-31 00:00:00+00,2024-03-17 00:00:00+00
71476c54-07e5-469d-8d42-4c84c41afe9f,SKU000102,Tiara Sausages,,Quality Sausages by Tiara,,e3855653-54b6-4f86-8c6c-f605bcd8d5fa,1845.55,376,Tiara,medium,,True,,2024-05-19 00:00:00+00,2024-06-03 00:00:00+00
0d06a340-6cf3-419b-af21-6be32e0ed921,SKU000103,Generic Nuts,,Quality Nuts by Generic,,c45b4de6-23cd-4a7b-b72a-a8e9323c231a,253.6,223,Generic,medium,,True,,2024-05-04 00:00:00+00,2024-01-08 00:00:00+00
dccb4d27-7a5a-47cc-a751-6cbbd9671d18,SKU000104,MD Candy,,Quality Candy by MD,,c45b4de6-23cd-4a7b-b72a-a8e9323c231a,568.21,408,MD,medium,,True,,2024-04-13 00:00:00+00,2024-02-12 00:00:00+00
7f92ca2a-2c05-4e42-a842-f7e72f7c5afb,SKU000105,Elephant House Popcorn,,Quality Popcorn by Elephant House,,c45b4de6-23cd-4a7b-b72a-a8e9323c231a,786.51,273,Elephant House,medium,,True,,2024-01-07 00:00:00+00,2024-04-10 00:00:00+00
11b402b2-e2ea-4586-8090-105b31d7c31e,SKU000106,Keells Granola Bars,,Quality Granola Bars by Keells,,c45b4de6-23cd-4a7b-b72a-a8e9323c231a,158.76,219,Keells,medium,,True,,2024-02-04 00:00:00+00,2024-04-28 00:00:00+00
9ce2817c-1f82-489a-af9b-125652e55799,SKU000107,Anchor Chocolates,,Quality Chocolates by Anchor,,c45b4de6-23cd-4a7b-b72a-a8e9323c231a,282.11,167,Anchor,medium,,True,,2024-02-24 00:00:00+00,2024-04-26 00:00:00+00
20f04089-4c6e-4351-ac7f-af3a0327e726,SKU000108,MD Wafers,,Quality Wafers by MD,,c45b4de6-23cd-4a7b-b72a-a8e9323c231a,632.86,194,MD,medium,,True,,2024-03-12 00:00:00+00,2024-04-17 00:00:00+00
0ce85a6f-8086-46e2-b2fc-3fa4fe379dc2,SKU000109,Maliban Crackers,,Quality Crackers by Maliban,,c45b4de6-23cd-4a7b-b72a-a8e9323c231a,429.21,383,Maliban,medium,,True,,2024-05-18 00:00:00+00,2024-01-14 00:00:00+00
bee9e656-430a-4d9e-bea9-dd7f4c0f51a4,SKU000110,Nestlé Wafers,,Quality Wafers by Nestlé,,c45b4de6-23cd-4a7b-b72a-a8e9323c231a,555.1,399,Nestlé,medium,,True,,2024-06-15 00:00:00+00,2024-01-11 00:00:00+00
d580d149-a8ac-4b72-98ab-a4b5e8bdfbe7,SKU000111,Nestlé Chips,,Quality Chips by Nestlé,,c45b4de6-23cd-4a7b-b72a-a8e9323c231a,239.55,10,Nestlé,medium,,True,,2024-06-08 00:00:00+00,2024-02-09 00:00:00+00
c2f103f9-fc93-4da6-b252-414924a04d00,SKU000112,Elephant House Nuts,,Quality Nuts by Elephant House,,c45b4de6-23cd-4a7b-b72a-a8e9323c231a,431.49,58,Elephant House,medium,,True,,2024-05-24 00:00:00+00,2024-02-25 00:00:00+00
538a82c1-5df6-4226-9d18-095f151b3b12,SKU000113,Unilever Popcorn,,Quality Popcorn by Unilever,,c45b4de6-23cd-4a7b-b72a-a8e9323c231a,636.83,85,Unilever,medium,,True,,2024-06-04 00:00:00+00,2024-06-04 00:00:00+00
de04126a-1fbc-427b-b27d-0d7272e2c78c,SKU000114,Kotmale Biscuits,,Quality Biscuits by Kotmale,,c45b4de6-23cd-4a7b-b72a-a8e9323c231a,775.3,55,Kotmale,medium,,True,,2024-05-28 00:00:00+00,2024-01-07 00:00:00+00
a6c02b65-2324-4fba-baec-564b9d211132,SKU000115,Raigam Crackers,,Quality Crackers by Raigam,,c45b4de6-23cd-4a7b-b72a-a8e9323c231a,377.66,366,Raigam,medium,,True,,2024-02-20 00:00:00+00,2024-01-20 00:00:00+00
8d710570-e1d2-4e1c-82be-790c997db969,SKU000116,Nestlé Granola Bars,,Quality Granola Bars by Nestlé,,c45b4de6-23cd-4a7b-b72a-a8e9323c231a,171.33,395,Nestlé,medium,,True,,2024-03-18 00:00:00+00,2024-06-24 00:00:00+00
8e294be6-8e86-478e-a4ac-51a1d25bd1b5,SKU000117,Munchee Granola Bars,,Quality Granola Bars by Munchee,,c45b4de6-23cd-4a7b-b72a-a8e9323c231a,657.36,289,Munchee,medium,,True,,2024-01-11 00:00:00+00,2024-03-29 00:00:00+00
e2ab38d1-a46b-4bc1-b62e-29acf037dad8,SKU000118,Tiara Pretzels,,Quality Pretzels by Tiara,,c45b4de6-23cd-4a7b-b72a-a8e9323c231a,563.06,35,Tiara,medium,,True,,2024-05-09 00:00:00+00,2024-06-14 00:00:00+00
c5ae183b-ee58-4e76-acb1-8c9fda32fdde,SKU000119,Keells Wafers,,Quality Wafers by Keells,,c45b4de6-23cd-4a7b-b72a-a8e9323c231a,694.7,421,Keells,medium,,True,,2024-05-05 00:00:00+00,2024-01-28 00:00:00+00
00857180-b22e-432c-bf7f-ae18dd7e8bd4,SKU000120,CBL Cleaners,,Quality Cleaners by CBL,,bc967629-ec82-4ba5-8d01-0dd73203dfcc,1026.26,424,CBL,low,,True,,2024-04-27 00:00:00+00,2024-06-30 00:00:00+00
86386d4a-aa68-4c16-b14b-64b2c295e5af,SKU000121,Tiara Shampoo,,Quality Shampoo by Tiara,,bc967629-ec82-4ba5-8d01-0dd73203dfcc,428.98,267,Tiara,low,,True,,2024-06-15 00:00:00+00,2024-03-10 00:00:00+00
57017e54-09a6-4d84-9937-7d4d3dd4c48a,SKU000122,Imported Air Freshener,,Quality Air Freshener by Imported,,bc967629-ec82-4ba5-8d01-0dd73203dfcc,1207.03,238,Imported,low,,True,,2024-04-21 00:00:00+00,2024-05-31 00:00:00+00
cd73ebb5-b644-4cd6-92a8-d0acd15b0b7e,SKU000123,MD Tissues,,Quality Tissues by MD,,bc967629-ec82-4ba5-8d01-0dd73203dfcc,1307.23,425,MD,low,,True,,2024-01-23 00:00:00+00,2024-03-12 00:00:00+00
57c1193a-d620-4daf-8750-ee8f4b5f20de,SKU000124,Nestlé Fabric Softener,,Quality Fabric Softener by Nestlé,,bc967629-ec82-4ba5-8d01-0dd73203dfcc,1175.62,291,Nestlé,low,,True,,2024-06-05 00:00:00+00,2024-06-20 00:00:00+00
32f30162-2cf6-4c22-8c81-298a46bf807c,SKU000125,MD Cleaners,,Quality Cleaners by MD,,bc967629-ec82-4ba5-8d01-0dd73203dfcc,237.31,435,MD,low,,True,,2024-03-24 00:00:00+00,2024-02-16 00:00:00+00
78af2da3-d5fa-45c0-b870-8f0e2a95ae7e,SKU000126,Coca-Cola Fabric Softener,,Quality Fabric Softener by Coca-Cola,,bc967629-ec82-4ba5-8d01-0dd73203dfcc,661.27,132,Coca-Cola,low,,True,,2024-03-28 00:00:00+00,2024-03-12 00:00:00+00
39895292-7f80-459f-a00b-44d2df7a04f3,SKU000127,Unilever Air Freshener,,Quality Air Freshener by Unilever,,bc967629-ec82-4ba5-8d01-0dd73203dfcc,922.53,264,Unilever,low,,True,,2024-02-18 00:00:00+00,2024-01-22 00:00:00+00
da3444e6-ec21-486c-8d36-f17804fff7d3,SKU000128,Tiara Toothpaste,,Quality Toothpaste by Tiara,,bc967629-ec82-4ba5-8d01-0dd73203dfcc,835.15,388,Tiara,low,,True,,2024-03-02 00:00:00+00,2024-06-25 00:00:00+00
4f50b07c-e2b4-489d-9997-0b284785a5c3,SKU000129,Generic Fabric Softener,,Quality Fabric Softener by Generic,,bc967629-ec82-4ba5-8d01-0dd73203dfcc,782.63,8,Generic,low,,True,,2024-01-24 00:00:00+00,2024-03-16 00:00:00+00
dc68f2c0-da41-4885-9d5e-94d85a35544d,SKU000130,Raigam Toothpaste,,Quality Toothpaste by Raigam,,bc967629-ec82-4ba5-8d01-0dd73203dfcc,1099.32,156,Raigam,low,,True,,2024-06-18 00:00:00+00,2024-05-28 00:00:00+00
24d2ad26-456a-4997-b813-0891e20aefd4,SKU000131,Generic Toilet Paper,,Quality Toilet Paper by Generic,,bc967629-ec82-4ba5-8d01-0dd73203dfcc,919.51,176,Generic,low,,True,,2024-04-18 00:00:00+00,2024-05-20 00:00:00+00
0d0c80b5-34d1-49a8-a101-3cf7283dd4b5,SKU000132,CBL Toilet Paper,,Quality Toilet Paper by CBL,,bc967629-ec82-4ba5-8d01-0dd73203dfcc,1113.71,138,CBL,low,,True,,2024-03-19 00:00:00+00,2024-03-05 00:00:00+00
0082f269-ee18-4b95-be80-5574c398a507,SKU000133,Munchee Toothpaste,,Quality Toothpaste by Munchee,,bc967629-ec82-4ba5-8d01-0dd73203dfcc,1137.67,161,Munchee,low,,True,,2024-01-31 00:00:00+00,2024-05-17 00:00:00+00
ceed7043-31c8-453b-82e7-f1992594bddc,SKU000134,Coca-Cola Shampoo,,Quality Shampoo by Coca-Cola,,bc967629-ec82-4ba5-8d01-0dd73203dfcc,481.3,247,Coca-Cola,low,,True,,2024-03-11 00:00:00+00,2024-05-30 00:00:00+00
e1a34d70-eff1-4f1a-8cc1-9122d47e2ea0,SKU000135,Prima Dish Soap,,Quality Dish Soap by Prima,,bc967629-ec82-4ba5-8d01-0dd73203dfcc,1474.66,426,Prima,low,,True,,2024-02-19 00:00:00+00,2024-03-16 00:00:00+00
155c78ea-4411-4a7e-a13d-b7e3399b6cad,SKU000136,CBL Toothpaste,,Quality Toothpaste by CBL,,bc967629-ec82-4ba5-8d01-0dd73203dfcc,433.27,7,CBL,low,,True,,2024-06-30 00:00:00+00,2024-05-16 00:00:00+00
8a5daca6-4589-440b-9bb7-c318cec77089,SKU000137,Unilever Pasta,,Quality Pasta by Unilever,,f3ea5720-0ff6-4924-83d6-226a082bb7e8,400.13,27,Unilever,low,,True,,2024-05-21 00:00:00+00,2024-03-15 00:00:00+00
1f41dfde-3a3f-4b35-ac25-04bb41e29e71,SKU000138,Generic Pasta,,Quality Pasta by Generic,,f3ea5720-0ff6-4924-83d6-226a082bb7e8,525.69,6,Generic,low,,True,,2024-05-26 00:00:00+00,2024-03-13 00:00:00+00
f29cb9b3-b60b-4481-b1ef-f306d893fb43,SKU000139,Generic Quinoa,,Quality Quinoa by Generic,,f3ea5720-0ff6-4924-83d6-226a082bb7e8,1269.03,94,Generic,low,,True,,2024-01-14 00:00:00+00,2024-03-05 00:00:00+00
8c316bc7-bd0b-4ab1-96f9-167fd33fe12a,SKU000140,Munchee Quinoa,,Quality Quinoa by Munchee,,f3ea5720-0ff6-4924-83d6-226a082bb7e8,2108.65,205,Munchee,low,,True,,2024-05-05 00:00:00+00,2024-01-19 00:00:00+00
0d615f62-b92d-4069-8cba-63ed687a59e6,SKU000141,Anchor Semolina,,Quality Semolina by Anchor,,f3ea5720-0ff6-4924-83d6-226a082bb7e8,633.8,415,Anchor,low,,True,,2024-05-24 00:00:00+00,2024-03-18 00:00:00+00
6b346e01-1e4b-4985-8166-7d82d038e8da,SKU000142,Nestlé Red Rice,,Quality Red Rice by Nestlé,,f3ea5720-0ff6-4924-83d6-226a082bb7e8,560.59,391,Nestlé,low,,True,,2024-04-16 00:00:00+00,2024-06-04 00:00:00+00
13f1e118-7bf8-496c-a58b-400a6e2717b5,SKU000143,Nestlé Semolina,,Quality Semolina by Nestlé,,f3ea5720-0ff6-4924-83d6-226a082bb7e8,2006.53,194,Nestlé,low,,True,,2024-04-25 00:00:00+00,2024-04-23 00:00:00+00
84606f66-a58a-4602-aa59-58cc13bfc409,SKU000144,Tiara Flour,,Quality Flour by Tiara,,f3ea5720-0ff6-4924-83d6-226a082bb7e8,971.84,317,Tiara,low,,True,,2024-01-16 00:00:00+00,2024-06-05 00:00:00+00
1b6f18cf-4995-44cc-a5b8-bf86a98877b2,SKU000145,Coca-Cola Red Rice,,Quality Red Rice by Coca-Cola,,f3ea5720-0ff6-4924-83d6-226a082bb7e8,1676.13,135,Coca-Cola,low,,True,,2024-06-18 00:00:00+00,2024-01-21 00:00:00+00
97b99444-4649-45ce-b8bf-76ed5c8c2746,SKU000146,Nestlé Pasta,,Quality Pasta by Nestlé,,f3ea5720-0ff6-4924-83d6-226a082bb7e8,682.39,38,Nestlé,low,,True,,2024-02-10 00:00:00+00,2024-01-01 00:00:00+00
16853063-9d87-4d4f-ae33-78fff7da2b02,SKU000147,Richlife Cereals,,Quality Cereals by Richlife,,f3ea5720-0ff6-4924-83d6-226a082bb7e8,1816.62,240,Richlife,low,,True,,2024-03-15 00:00:00+00,2024-01-09 00:00:00+00
bb3ce28f-ffe5-4e09-8558-a368eea0fa7e,SKU000148,Prima Noodles,,Quality Noodles by Prima,,f3ea5720-0ff6-4924-83d6-226a082bb7e8,1855.3,359,Prima,low,,True,,2024-04-26 00:00:00+00,2024-01-19 00:00:00+00
a304eff3-7944-4a61-b6aa-2c8c32bef682,SKU000149,Unilever Noodles,,Quality Noodles by Unilever,,f3ea5720-0ff6-4924-83d6-226a082bb7e8,2033.22,320,Unilever,low,,True,,2024-05-30 00:00:00+00,2024-06-18 00:00:00+00
849e5d67-cf95-47d4-925b-8b5b6d7d150d,SKU000150,Tiara Noodles,,Quality Noodles by Tiara,,f3ea5720-0ff6-4924-83d6-226a082bb7e8,552.51,115,Tiara,low,,True,,2024-06-14 00:00:00+00,2024-02-08 00:00:00+00
843d3458-3dbc-4702-a113-5ea218ecf684,SKU000151,Elephant House Flour,,Quality Flour by Elephant House,,f3ea5720-0ff6-4924-83d6-226a082bb7e8,457.1,84,Elephant House,low,,True,,2024-03-19 00:00:00+00,2024-06-01 00:00:00+00
c61b11ba-2a8d-4b5b-b8d9-fe717d60c1b2,SKU000152,Prima Semolina,,Quality Semolina by Prima,,f3ea5720-0ff6-4924-83d6-226a082bb7e8,1266.14,239,Prima,low,,True,,2024-06-25 00:00:00+00,2024-03-18 00:00:00+00
654072ae-76b3-4e6b-86db-49dbf9f81368,SKU000153,Unilever Cereals,,Quality Cereals by Unilever,,f3ea5720-0ff6-4924-83d6-226a082bb7e8,1401.04,252,Unilever,low,,True,,2024-04-22 00:00:00+00,2024-01-21 00:00:00+00
cbb0d520-0e94-4130-9850-bdb4abeb6a4b,SKU000154,Anchor Fenugreek,,Quality Fenugreek by Anchor,,c5f493de-2fcf-4a45-9365-5386bd519578,1083.89,376,Anchor,low,,True,,2024-03-23 00:00:00+00,2024-06-03 00:00:00+00
46a76215-3c09-428d-943a-f454481524d9,SKU000155,Keells Pepper,,Quality Pepper by Keells,,c5f493de-2fcf-4a45-9365-5386bd519578,245.89,492,Keells,low,,True,,2024-06-21 00:00:00+00,2024-05-27 00:00:00+00
45cefb80-e89f-4df1-b30a-40ba4d714269,SKU000156,Keells Fenugreek,,Quality Fenugreek by Keells,,c5f493de-2fcf-4a45-9365-5386bd519578,1199.55,344,Keells,low,,True,,2024-03-09 00:00:00+00,2024-05-27 00:00:00+00
25cd82d0-93d0-4f81-afbd-15db5c403a49,SKU000157,Kotmale Chili Powder,,Quality Chili Powder by Kotmale,,c5f493de-2fcf-4a45-9365-5386bd519578,644.03,333,Kotmale,low,,True,,2024-04-23 00:00:00+00,2024-03-12 00:00:00+00
ee954a6e-1928-4d82-8970-aa96eb60e7c1,SKU000158,Tiara Turmeric,,Quality Turmeric by Tiara,,c5f493de-2fcf-4a45-9365-5386bd519578,816.52,251,Tiara,low,,True,,2024-01-24 00:00:00+00,2024-04-30 00:00:00+00
e7a00e50-8e17-4791-bd60-5e86b2a719f9,SKU000159,Tiara Cardamom,,Quality Cardamom by Tiara,,c5f493de-2fcf-4a45-9365-5386bd519578,499.97,343,Tiara,low,,True,,2024-01-27 00:00:00+00,2024-02-11 00:00:00+00
5cae47f4-7296-40b7-984e-7dd56043dc40,SKU000160,Tiara Cardamom 1,,Quality Cardamom by Tiara,,c5f493de-2fcf-4a45-9365-5386bd519578,878.36,147,Tiara,low,,True,,2024-06-18 00:00:00+00,2024-04-12 00:00:00+00
2e4c30bb-ef80-4359-979d-4f7d28249e69,SKU000161,Anchor Coriander,,Quality Coriander by Anchor,,c5f493de-2fcf-4a45-9365-5386bd519578,627.57,161,Anchor,low,,True,,2024-03-05 00:00:00+00,2024-03-23 00:00:00+00
176be7b7-fac4-4c26-8275-8e0f12030cdb,SKU000162,Raigam Curry Powder,,Quality Curry Powder by Raigam,,c5f493de-2fcf-4a45-9365-5386bd519578,1058.16,422,Raigam,low,,True,,2024-01-01 00:00:00+00,2024-06-17 00:00:00+00
9ade66cc-19ca-44ea-9f50-29904c9cfd28,SKU000163,Richlife Coriander,,Quality Coriander by Richlife,,c5f493de-2fcf-4a45-9365-5386bd519578,583.91,96,Richlife,low,,True,,2024-05-12 00:00:00+00,2024-04-02 00:00:00+00
663c7319-64ad-4ddc-9c02-d919ee514d8b,SKU000164,Generic Fenugreek,,Quality Fenugreek by Generic,,c5f493de-2fcf-4a45-9365-5386bd519578,806.68,389,Generic,low,,True,,2024-01-14 00:00:00+00,2024-02-22 00:00:00+00
96812ca7-d4a8-44a0-ad5a-377b4a98cf74,SKU000165,Imported Pepper,,Quality Pepper by Imported,,c5f493de-2fcf-4a45-9365-5386bd519578,287.56,147,Imported,low,,True,,2024-04-22 00:00:00+00,2024-06-27 00:00:00+00
0216bd80-78fa-4738-af1f-e37a35b7dd7f,SKU000166,Munchee Cumin,,Quality Cumin by Munchee,,c5f493de-2fcf-4a45-9365-5386bd519578,180.31,322,Munchee,low,,True,,2024-06-04 00:00:00+00,2024-03-02 00:00:00+00
decb8543-fe35-4ff6-a56c-f6f478a55bb8,SKU000167,Prima Turmeric,,Quality Turmeric by Prima,,c5f493de-2fcf-4a45-9365-5386bd519578,728.38,282,Prima,low,,True,,2024-04-14 00:00:00+00,2024-01-24 00:00:00+00
bd0658a8-21a7-4c0e-91fb-d3c70eb619ef,SKU000168,Munchee Cinnamon,,Quality Cinnamon by Munchee,,c5f493de-2fcf-4a45-9365-5386bd519578,634.52,60,Munchee,low,,True,,2024-06-14 00:00:00+00,2024-02-09 00:00:00+00
6494d8ae-806f-4e69-a0fb-53441c1c7b3d,SKU000169,Prima Cumin,,Quality Cumin by Prima,,c5f493de-2fcf-4a45-9365-5386bd519578,684.32,139,Prima,low,,True,,2024-04-16 00:00:00+00,2024-05-03 00:00:00+00
292e37cf-910d-49c5-a4bc-506bd65a0c30,SKU000170,Nestlé Cumin,,Quality Cumin by Nestlé,,c5f493de-2fcf-4a45-9365-5386bd519578,629.63,74,Nestlé,low,,True,,2024-04-08 00:00:00+00,2024-02-18 00:00:00+00
9aba524f-210b-4eee-930e-fd9f7fc1cef0,SKU000171,Maliban Frozen Fish,,Quality Frozen Fish by Maliban,,084b585e-a208-4b5a-a475-0104e2c59c66,842.0,404,Maliban,low,,True,,2024-04-16 00:00:00+00,2024-03-28 00:00:00+00
6b052b28-f28a-4bb5-b729-a89bde9f3712,SKU000172,Keells Frozen Pizza,,Quality Frozen Pizza by Keells,,084b585e-a208-4b5a-a475-0104e2c59c66,852.54,152,Keells,low,,True,,2024-05-30 00:00:00+00,2024-05-28 00:00:00+00
3e5bcc82-fc37-4bcb-a19f-610ade0d4baa,SKU000173,Elephant House Frozen Peas,,Quality Frozen Peas by Elephant House,,084b585e-a208-4b5a-a475-0104e2c59c66,1114.48,247,Elephant House,low,,True,,2024-03-29 00:00:00+00,2024-03-26 00:00:00+00
b6f7df1c-d2a7-4653-b791-2f542ca12e7e,SKU000174,Richlife Frozen Corn,,Quality Frozen Corn by Richlife,,084b585e-a208-4b5a-a475-0104e2c59c66,1892.56,445,Richlife,low,,True,,2024-02-18 00:00:00+00,2024-06-27 00:00:00+00
5f691255-ef66-43b4-9e83-b24c4db0d8ae,SKU000175,Raigam Frozen Chicken,,Quality Frozen Chicken by Raigam,,084b585e-a208-4b5a-a475-0104e2c59c66,773.7,397,Raigam,low,,True,,2024-04-15 00:00:00+00,2024-01-12 00:00:00+00
8f212006-d7c6-4057-94a0-9372754030f8,SKU000176,Generic Frozen Dumplings,,Quality Frozen Dumplings by Generic,,084b585e-a208-4b5a-a475-0104e2c59c66,1528.36,415,Generic,low,,True,,2024-04-07 00:00:00+00,2024-04-08 00:00:00+00
d80707db-2580-4bc5-ac34-2b018b23d618,SKU000177,Generic Frozen Fish,,Quality Frozen Fish by Generic,,084b585e-a208-4b5a-a475-0104e2c59c66,1943.72,64,Generic,low,,True,,2024-05-08 00:00:00+00,2024-05-31 00:00:00+00
9e534ea9-4f6b-49b1-b54d-3847a3b53ba4,SKU000178,Munchee Frozen Dumplings,,Quality Frozen Dumplings by Munchee,,084b585e-a208-4b5a-a475-0104e2c59c66,1798.7,225,Munchee,low,,True,,2024-01-26 00:00:00+00,2024-05-14 00:00:00+00
c2586046-331b-4e81-a39c-fd0407166bbc,SKU000179,Keells Frozen Peas,,Quality Frozen Peas by Keells,,084b585e-a208-4b5a-a475-0104e2c59c66,1555.91,209,Keells,low,,True,,2024-06-16 00:00:00+00,2024-02-09 00:00:00+00
3d3e0e02-c093-4be0-8fcf-201df2a8f274,SKU000180,Generic Frozen Fries,,Quality Frozen Fries by Generic,,084b585e-a208-4b5a-a475-0104e2c59c66,1650.44,135,Generic,low,,True,,2024-03-27 00:00:00+00,2024-06-08 00:00:00+00
40083e3c-fbac-496d-9206-6749446ece3a,SKU000181,Maliban Frozen Corn,,Quality Frozen Corn by Maliban,,084b585e-a208-4b5a-a475-0104e2c59c66,1762.82,436,Maliban,low,,True,,2024-06-21 00:00:00+00,2024-05-16 00:00:00+00
c5e32569-e373-410d-9245-99cf90411d85,SKU000182,MD Frozen Corn,,Quality Frozen Corn by MD,,084b585e-a208-4b5a-a475-0104e2c59c66,1402.88,454,MD,low,,True,,2024-05-04 00:00:00+00,2024-05-18 00:00:00+00
dcd0eed1-d0ab-4075-ad6f-087759b5748e,SKU000183,Maliban Frozen Vegetables,,Quality Frozen Vegetables by Maliban,,084b585e-a208-4b5a-a475-0104e2c59c66,775.63,350,Maliban,low,,True,,2024-03-14 00:00:00+00,2024-02-28 00:00:00+00
c90cebd4-6227-4080-9442-a4b198d3a454,SKU000184,Tiara Frozen Fries,,Quality Frozen Fries by Tiara,,084b585e-a208-4b5a-a475-0104e2c59c66,1965.34,389,Tiara,low,,True,,2024-06-11 00:00:00+00,2024-06-29 00:00:00+00
1f842530-d2e9-441c-ac95-7888c8a114ab,SKU000185,Richlife Frozen Fries,,Quality Frozen Fries by Richlife,,084b585e-a208-4b5a-a475-0104e2c59c66,666.18,153,Richlife,low,,True,,2024-01-08 00:00:00+00,2024-01-12 00:00:00+00
d3b74116-cb2a-4943-b1c9-afcf00256840,SKU000186,Anchor Frozen Dumplings,,Quality Frozen Dumplings by Anchor,,084b585e-a208-4b5a-a475-0104e2c59c66,869.39,191,Anchor,low,,True,,2024-04-20 00:00:00+00,2024-02-07 00:00:00+00
49d795a8-3f7d-4e32-be50-d88f2b72aad7,SKU000187,Store Brand Canned Vegetables,,Quality Canned Vegetables by Store Brand,,c4391593-cb29-4a96-830d-144c4ccd3f5e,447.23,349,Store Brand,low,,True,,2024-02-16 00:00:00+00,2024-02-13 00:00:00+00
36f39158-2eed-403a-ad70-8f56017a3397,SKU000188,Maliban Canned Fruits,,Quality Canned Fruits by Maliban,,c4391593-cb29-4a96-830d-144c4ccd3f5e,565.7,195,Maliban,low,,True,,2024-06-07 00:00:00+00,2024-06-23 00:00:00+00
65c407ec-ffd2-4121-8bd5-25f2bcaea1e7,SKU000189,Generic Canned Vegetables,,Quality Canned Vegetables by Generic,,c4391593-cb29-4a96-830d-144c4ccd3f5e,747.7,73,Generic,low,,True,,2024-02-29 00:00:00+00,2024-04-28 00:00:00+00
2d06288d-f390-436a-bc43-d941ac29cd8a,SKU000190,Richlife Sauces,,Quality Sauces by Richlife,,c4391593-cb29-4a96-830d-144c4ccd3f5e,353.2,4,Richlife,low,,True,,2024-04-29 00:00:00+00,2024-03-14 00:00:00+00
af91a5de-96d4-427d-9920-e9928b27c06d,SKU000191,Maliban Canned Fruits 1,,Quality Canned Fruits by Maliban,,c4391593-cb29-4a96-830d-144c4ccd3f5e,465.04,176,Maliban,low,,True,,2024-05-30 00:00:00+00,2024-03-17 00:00:00+00
8e66d8a7-0b56-4392-b277-8964cda018bc,SKU000192,Unilever Canned Tomatoes,,Quality Canned Tomatoes by Unilever,,c4391593-cb29-4a96-830d-144c4ccd3f5e,474.1,154,Unilever,low,,True,,2024-02-20 00:00:00+00,2024-04-08 00:00:00+00
186dd216-2a6f-4eec-a59c-0c52a669badf,SKU000193,Munchee Canned Soup,,Quality Canned Soup by Munchee,,c4391593-cb29-4a96-830d-144c4ccd3f5e,342.32,292,Munchee,low,,True,,2024-04-01 00:00:00+00,2024-05-27 00:00:00+00
d482c9a7-5c46-4155-b14c-a8a6d13ad895,SKU000194,Prima Sauces,,Quality Sauces by Prima,,c4391593-cb29-4a96-830d-144c4ccd3f5e,213.16,424,Prima,low,,True,,2024-06-17 00:00:00+00,2024-04-11 00:00:00+00
efa76c30-c2ca-482b-8dad-2bf7028f6e23,SKU000195,Keells Sauces,,Quality Sauces by Keells,,c4391593-cb29-4a96-830d-144c4ccd3f5e,539.56,351,Keells,low,,True,,2024-01-13 00:00:00+00,2024-06-04 00:00:00+00
f30e8fdc-11e7-408f-b16d-c58de1f39d2f,SKU000196,Prima Canned Soup,,Quality Canned Soup by Prima,,c4391593-cb29-4a96-830d-144c4ccd3f5e,665.44,117,Prima,low,,True,,2024-06-04 00:00:00+00,2024-03-31 00:00:00+00
416d35b4-1b8c-4053-aa62-cf85ecbdafff,SKU000197,Coca-Cola Canned Vegetables,,Quality Canned Vegetables by Coca-Cola,,c4391593-cb29-4a96-830d-144c4ccd3f5e,572.53,347,Coca-Cola,low,,True,,2024-06-17 00:00:00+00,2024-06-23 00:00:00+00
6e1eaca7-2885-441d-aaae-53c88d83576d,SKU000198,Munchee Canned Fruits,,Quality Canned Fruits by Munchee,,c4391593-cb29-4a96-830d-144c4ccd3f5e,742.04,330,Munchee,low,,True,,2024-01-11 00:00:00+00,2024-03-20 00:00:00+00
717912d0-d2ae-4d47-8ae1-5e42b8f98271,SKU000199,Anchor Canned Soup,,Quality Canned Soup by Anchor,,c4391593-cb29-4a96-830d-144c4ccd3f5e,547.74,374,Anchor,low,,True,,2024-02-03 00:00:00+00,2024-01-24 00:00:00+00
52584ff4-62ba-44b1-a721-559bb5c1e813,SKU000200,MD Sauces,,Quality Sauces by MD,,c4391593-cb29-4a96-830d-144c4ccd3f5e,648.49,89,MD,low,,True,,2024-02-21 00:00:00+00,2024-02-03 00:00:00+00
6b6e623d-ef85-4f2d-a746-00a4725e2953,SKU000201,Store Brand Canned Corn,,Quality Canned Corn by Store Brand,,c4391593-cb29-4a96-830d-144c4ccd3f5e,501.08,139,Store Brand,low,,True,,2024-02-12 00:00:00+00,2024-03-06 00:00:00+00
948e8cf9-5c2f-419a-b9cf-514bf46c6dcd,SKU000202,Prima Canned Soup 1,,Quality Canned Soup by Prima,,c4391593-cb29-4a96-830d-144c4ccd3f5e,647.94,173,Prima,low,,True,,2024-01-30 00:00:00+00,2024-04-29 00:00:00+00
1724b413-0eda-41b2-b9c6-f80bea738244,SKU000203,Elephant House Baby Food,,Quality Baby Food by Elephant House,,842a1f28-9fc2-471c-a5d2-f1c73da0911a,1959.13,115,Elephant House,medium,,True,,2024-06-22 00:00:00+00,2024-06-21 00:00:00+00
cc94ef32-0553-459b-9ed0-8d0bbd742afc,SKU000204,Imported Baby Shampoo,,Quality Baby Shampoo by Imported,,842a1f28-9fc2-471c-a5d2-f1c73da0911a,1104.71,404,Imported,medium,,True,,2024-04-11 00:00:00+00,2024-01-04 00:00:00+00
036b34fd-d8de-4dcf-9ac3-57b16fdaeb82,SKU000205,Imported Wet Wipes,,Quality Wet Wipes by Imported,,842a1f28-9fc2-471c-a5d2-f1c73da0911a,571.9,188,Imported,medium,,True,,2024-06-21 00:00:00+00,2024-06-21 00:00:00+00
d9474a38-ecd4-4219-978f-e49661cb612e,SKU000206,Raigam Wet Wipes,,Quality Wet Wipes by Raigam,,842a1f28-9fc2-471c-a5d2-f1c73da0911a,2109.32,481,Raigam,medium,,True,,2024-04-05 00:00:00+00,2024-01-28 00:00:00+00
31a73c0a-86bb-4f47-83b1-a79ac2a74d95,SKU000207,Generic Baby Soap,,Quality Baby Soap by Generic,,842a1f28-9fc2-471c-a5d2-f1c73da0911a,355.05,452,Generic,medium,,True,,2024-05-23 00:00:00+00,2024-03-24 00:00:00+00
59929ba1-a3db-45c4-ae26-75b575331c13,SKU000208,Maliban Baby Soap,,Quality Baby Soap by Maliban,,842a1f28-9fc2-471c-a5d2-f1c73da0911a,1697.89,237,Maliban,medium,,True,,2024-06-28 00:00:00+00,2024-03-18 00:00:00+00
9e126e60-40f1-4b07-8e7a-7342c147e0e2,SKU000209,Munchee Baby Shampoo,,Quality Baby Shampoo by Munchee,,842a1f28-9fc2-471c-a5d2-f1c73da0911a,607.51,484,Munchee,medium,,True,,2024-01-10 00:00:00+00,2024-03-18 00:00:00+00
599e422c-d99e-4dc4-8430-32cc9b4e06ba,SKU000210,Munchee Baby Cereal,,Quality Baby Cereal by Munchee,,842a1f28-9fc2-471c-a5d2-f1c73da0911a,513.82,454,Munchee,medium,,True,,2024-05-17 00:00:00+00,2024-02-04 00:00:00+00
fc37faff-a364-4a1a-ab96-a26147979231,SKU000211,Richlife Baby Shampoo,,Quality Baby Shampoo by Richlife,,842a1f28-9fc2-471c-a5d2-f1c73da0911a,1116.23,486,Richlife,medium,,True,,2024-06-27 00:00:00+00,2024-05-18 00:00:00+00
319bde8d-d58d-4254-bc9f-a0f2fcc4351e,SKU000212,Elephant House Baby Shampoo,,Quality Baby Shampoo by Elephant House,,842a1f28-9fc2-471c-a5d2-f1c73da0911a,2247.91,335,Elephant House,medium,,True,,2024-01-26 00:00:00+00,2024-05-05 00:00:00+00
2ae038e3-26ca-4b91-9f77-3bcf432d3258,SKU000213,Unilever Baby Shampoo,,Quality Baby Shampoo by Unilever,,842a1f28-9fc2-471c-a5d2-f1c73da0911a,371.98,189,Unilever,medium,,True,,2024-02-25 00:00:00+00,2024-04-23 00:00:00+00
e8b9fbc5-339b-47ef-a86b-9d617229078a,SKU000214,Nestlé Baby Cereal,,Quality Baby Cereal by Nestlé,,842a1f28-9fc2-471c-a5d2-f1c73da0911a,2181.99,50,Nestlé,medium,,True,,2024-06-24 00:00:00+00,2024-04-04 00:00:00+00
6662ae92-d06d-4863-8308-5a40675c37c9,SKU000215,Anchor Baby Lotion,,Quality Baby Lotion by Anchor,,842a1f28-9fc2-471c-a5d2-f1c73da0911a,1175.91,97,Anchor,medium,,True,,2024-02-01 00:00:00+00,2024-04-26 00:00:00+00
aff47916-ebde-44e9-8e00-ca4925c7629d,SKU000216,Coca-Cola Baby Food,,Quality Baby Food by Coca-Cola,,842a1f28-9fc2-471c-a5d2-f1c73da0911a,1711.75,305,Coca-Cola,medium,,True,,2024-01-06 00:00:00+00,2024-01-13 00:00:00+00
f22bab82-1ef4-40e3-9086-0bcb2d654996,SKU000217,Nestlé Baby Lotion,,Quality Baby Lotion by Nestlé,,842a1f28-9fc2-471c-a5d2-f1c73da0911a,2475.41,402,Nestlé,medium,,True,,2024-05-24 00:00:00+00,2024-02-22 00:00:00+00
bf789b40-44bd-48a7-83e3-2e080101d58c,SKU000218,Imported Baby Food,,Quality Baby Food by Imported,,842a1f28-9fc2-471c-a5d2-f1c73da0911a,755.75,110,Imported,medium,,True,,2024-02-29 00:00:00+00,2024-03-25 00:00:00+00
0fc69a95-b645-44e0-81b7-e4b925c5ea04,SKU000219,Keells Deodorant,,Quality Deodorant by Keells,,4455107b-d859-4da6-babf-b6c2f9166cbe,1012.51,74,Keells,low,,True,,2024-02-03 00:00:00+00,2024-05-18 00:00:00+00
40cd9a08-84c5-446b-9d09-a92ec5835331,SKU000220,Kotmale Hair Oil,,Quality Hair Oil by Kotmale,,4455107b-d859-4da6-babf-b6c2f9166cbe,552.3,443,Kotmale,low,,True,,2024-01-07 00:00:00+00,2024-02-03 00:00:00+00
5b4b9791-a693-4067-9572-39d5c168fb6f,SKU000221,CBL Face Wash,,Quality Face Wash by CBL,,4455107b-d859-4da6-babf-b6c2f9166cbe,2422.46,121,CBL,low,,True,,2024-05-30 00:00:00+00,2024-03-23 00:00:00+00
2ab3ee14-577d-45bd-9554-d52f8485f6fe,SKU000222,Kotmale Face Wash,,Quality Face Wash by Kotmale,,4455107b-d859-4da6-babf-b6c2f9166cbe,979.76,64,Kotmale,low,,True,,2024-04-17 00:00:00+00,2024-05-14 00:00:00+00
030b0a26-8440-4f91-bcd4-b19d13517599,SKU000223,Maliban Moisturizer,,Quality Moisturizer by Maliban,,4455107b-d859-4da6-babf-b6c2f9166cbe,1559.68,398,Maliban,low,,True,,2024-04-02 00:00:00+00,2024-05-11 00:00:00+00
eb64179f-7079-4ddf-b100-35e2db0825fb,SKU000224,Munchee Toner,,Quality Toner by Munchee,,4455107b-d859-4da6-babf-b6c2f9166cbe,1493.01,113,Munchee,low,,True,,2024-06-06 00:00:00+00,2024-01-12 00:00:00+00
34edcfed-fa2b-4414-8e2d-3566f0dd7435,SKU000225,Prima Face Mask,,Quality Face Mask by Prima,,4455107b-d859-4da6-babf-b6c2f9166cbe,1509.62,493,Prima,low,,True,,2024-01-08 00:00:00+00,2024-01-16 00:00:00+00
801aef25-9646-4a76-9ee8-6ee2e3ba8f73,SKU000226,Raigam Lip Balm,,Quality Lip Balm by Raigam,,4455107b-d859-4da6-babf-b6c2f9166cbe,1422.25,55,Raigam,low,,True,,2024-05-05 00:00:00+00,2024-07-01 00:00:00+00
2bede43d-3f95-4add-a18c-c7e573a4861f,SKU000227,Maliban Lip Balm,,Quality Lip Balm by Maliban,,4455107b-d859-4da6-babf-b6c2f9166cbe,2722.98,164,Maliban,low,,True,,2024-06-04 00:00:00+00,2024-02-07 00:00:00+00
d088d8ca-4bc2-4a79-b022-fffd1aa83b7f,SKU000228,Elephant House Moisturizer,,Quality Moisturizer by Elephant House,,4455107b-d859-4da6-babf-b6c2f9166cbe,1006.29,324,Elephant House,low,,True,,2024-05-29 00:00:00+00,2024-05-20 00:00:00+00
da1e5347-be4d-4a1f-b60e-e464620cfc5e,SKU000229,Raigam Body Lotion,,Quality Body Lotion by Raigam,,4455107b-d859-4da6-babf-b6c2f9166cbe,2985.23,271,Raigam,low,,True,,2024-03-16 00:00:00+00,2024-04-26 00:00:00+00
28b1c814-eb80-40a4-ac53-da41545f649c,SKU000230,Tiara Face Mask,,Quality Face Mask by Tiara,,4455107b-d859-4da6-babf-b6c2f9166cbe,522.74,359,Tiara,low,,True,,2024-01-30 00:00:00+00,2024-06-16 00:00:00+00
abe41b2c-9321-4efd-8f3e-0981ff48978d,SKU000231,Coca-Cola Face Mask,,Quality Face Mask by Coca-Cola,,4455107b-d859-4da6-babf-b6c2f9166cbe,1432.69,454,Coca-Cola,low,,True,,2024-02-28 00:00:00+00,2024-04-15 00:00:00+00
6cc5ef59-c7e9-4b21-9597-a51aa0a47eb8,SKU000232,Richlife Body Lotion,,Quality Body Lotion by Richlife,,4455107b-d859-4da6-babf-b6c2f9166cbe,1346.51,373,Richlife,low,,True,,2024-01-25 00:00:00+00,2024-03-21 00:00:00+00
2e30f394-7770-4378-86a4-111b4f3939d1,SKU000233,MD Sunscreen,,Quality Sunscreen by MD,,4455107b-d859-4da6-babf-b6c2f9166cbe,2079.05,191,MD,low,,True,,2024-02-09 00:00:00+00,2024-06-24 00:00:00+00
5470a23c-7866-4ac5-bc7e-10f7e777a7ab,SKU000234,Maliban Lip Balm 1,,Quality Lip Balm by Maliban,,4455107b-d859-4da6-babf-b6c2f9166cbe,500.87,43,Maliban,low,,True,,2024-01-24 00:00:00+00,2024-04-20 00:00:00+00
32e88f8d-1ee7-4048-b74c-263e3e02669c,SKU000235,CBL Honey,,Quality Honey by CBL,,ae2b2f07-4c31-4581-85b9-f42137dbd742,1274.12,284,CBL,low,,True,,2024-01-16 00:00:00+00,2024-05-30 00:00:00+00
586ca843-6742-478e-a5a2-cdf331a42591,SKU000236,Munchee Maple Syrup,,Quality Maple Syrup by Munchee,,ae2b2f07-4c31-4581-85b9-f42137dbd742,792.97,447,Munchee,low,,True,,2024-06-19 00:00:00+00,2024-04-18 00:00:00+00
b2f9c7b1-5af5-4414-90a7-5fc1298af2b4,SKU000237,Prima Jam,,Quality Jam by Prima,,ae2b2f07-4c31-4581-85b9-f42137dbd742,1020.49,180,Prima,low,,True,,2024-01-27 00:00:00+00,2024-05-27 00:00:00+00
2dc7bac1-6828-4502-9777-06e2da7210b8,SKU000238,Elephant House Spreads,,Quality Spreads by Elephant House,,ae2b2f07-4c31-4581-85b9-f42137dbd742,1088.08,114,Elephant House,low,,True,,2024-01-28 00:00:00+00,2024-03-30 00:00:00+00
d9bc520a-9092-4127-9d2a-99b9c057b94f,SKU000239,Munchee Maple Syrup 1,,Quality Maple Syrup by Munchee,,ae2b2f07-4c31-4581-85b9-f42137dbd742,1215.13,293,Munchee,low,,True,,2024-02-27 00:00:00+00,2024-04-19 00:00:00+00
71691713-87ac-4b33-8331-010ebbad6027,SKU000240,Unilever Jam,,Quality Jam by Unilever,,ae2b2f07-4c31-4581-85b9-f42137dbd742,334.74,139,Unilever,low,,True,,2024-06-28 00:00:00+00,2024-03-20 00:00:00+00
92289f09-3571-4d62-a091-209485aec828,SKU000241,CBL Maple Syrup,,Quality Maple Syrup by CBL,,ae2b2f07-4c31-4581-85b9-f42137dbd742,307.33,445,CBL,low,,True,,2024-02-06 00:00:00+00,2024-05-24 00:00:00+00
83dd366d-545c-4ed5-84a8-2e3f1a87dcf7,SKU000242,Maliban Granola,,Quality Granola by Maliban,,ae2b2f07-4c31-4581-85b9-f42137dbd742,470.25,324,Maliban,low,,True,,2024-01-08 00:00:00+00,2024-01-24 00:00:00+00
6a1b3003-b0b2-43ab-ad22-4dbc81e6f653,SKU000243,Raigam Spreads,,Quality Spreads by Raigam,,ae2b2f07-4c31-4581-85b9-f42137dbd742,803.8,174,Raigam,low,,True,,2024-02-10 00:00:00+00,2024-04-04 00:00:00+00
963c8f45-9a58-4eb7-bb7b-9d9dbf722c90,SKU000244,MD Breakfast Cereals,,Quality Breakfast Cereals by MD,,ae2b2f07-4c31-4581-85b9-f42137dbd742,1232.2,290,MD,low,,True,,2024-06-01 00:00:00+00,2024-01-22 00:00:00+00
d16c3bfe-1db2-406e-8624-505166c006e6,SKU000245,Elephant House Jam,,Quality Jam by Elephant House,,ae2b2f07-4c31-4581-85b9-f42137dbd742,488.89,316,Elephant House,low,,True,,2024-01-13 00:00:00+00,2024-06-21 00:00:00+00
1411dac6-58df-4538-82d2-8ffb51f407f2,SKU000246,Unilever Honey,,Quality Honey by Unilever,,ae2b2f07-4c31-4581-85b9-f42137dbd742,831.74,217,Unilever,low,,True,,2024-05-04 00:00:00+00,2024-06-04 00:00:00+00
468663d5-3b34-4be1-a91c-15e10d1d5698,SKU000247,Tiara Muesli,,Quality Muesli by Tiara,,ae2b2f07-4c31-4581-85b9-f42137dbd742,627.8,386,Tiara,low,,True,,2024-05-11 00:00:00+00,2024-01-30 00:00:00+00
1d0c488d-7488-492f-8fbc-a01aac7a918d,SKU000248,Tiara Maple Syrup,,Quality Maple Syrup by Tiara,,ae2b2f07-4c31-4581-85b9-f42137dbd742,433.07,347,Tiara,low,,True,,2024-06-22 00:00:00+00,2024-05-31 00:00:00+00
ba2b03ff-c99d-42c3-ba59-bd9d8aeb594d,SKU000249,Store Brand Muesli,,Quality Muesli by Store Brand,,ae2b2f07-4c31-4581-85b9-f42137dbd742,1100.56,23,Store Brand,low,,True,,2024-02-26 00:00:00+00,2024-04-11 00:00:00+00
a4d67019-b862-4e7b-8d39-161c1e550946,SKU000250,Keells Jam,,Quality Jam by Keells,,ae2b2f07-4c31-4581-85b9-f42137dbd742,545.31,484,Keells,low,,True,,2024-02-24 00:00:00+00,2024-02-05 00:00:00+00
