promotion_id,product_id,discount_percentage,start_date,end_date,promotion_type,is_targetted_promotion,product_scope,status,created_at,updated_at
8cb01d54-5cb7-44fb-8149-a303f87b6dc3,1ba12ddc-2311-47e4-b777-66d044edd6a5,40,2025-04-14 00:00:00+00,2025-05-14 00:00:00+00,clearance,False,all_customers,active,2025-04-13 00:00:00+00,2025-04-14 00:00:00+00
9cebb5d3-0773-4c22-b4c9-0ccb1cf56a33,28d51a48-8080-4785-be5b-af221c597f0e,20,2024-07-29 00:00:00+00,2024-08-01 00:00:00+00,loyalty_reward,True,new_customers,active,2024-07-28 00:00:00+00,2024-07-29 00:00:00+00
e429976d-38ce-43b4-b216-bb8de81648a5,86c991b8-ee38-4eff-92bd-638dcfe861f1,5,2024-07-25 00:00:00+00,2024-07-28 00:00:00+00,new_customer,True,loyal_customers,active,2024-07-24 00:00:00+00,2024-07-25 00:00:00+00
90b95949-b84d-41ba-8f58-965d8bdefe48,9d6d4043-738b-4bc3-a976-8a3cf695e55b,15,2024-07-27 00:00:00+00,2024-08-26 00:00:00+00,new_customer,True,all_customers,expired,2024-07-26 00:00:00+00,2024-07-27 00:00:00+00
2d7a3130-6e08-4b4a-b27f-c11c87bfe6a5,aba748af-bcc4-495f-a057-bc67075c1732,30,2024-10-04 00:00:00+00,2024-10-11 00:00:00+00,new_customer,False,all_customers,active,2024-10-03 00:00:00+00,2024-10-04 00:00:00+00
e48ad27d-01aa-4e72-8d9a-6d350c108990,b2129d69-c8e1-4a80-aa5d-259ca72e7091,5,2025-05-24 00:00:00+00,2025-05-27 00:00:00+00,flash_sale,True,segment_targeted,active,2025-05-23 00:00:00+00,2025-05-24 00:00:00+00
8da00928-8751-4c55-a1a4-7f7c797486ba,958537c0-47fb-42ef-aaab-444cf0f82cc8,15,2024-11-01 00:00:00+00,2024-11-15 00:00:00+00,bundle_deal,True,segment_targeted,active,2024-10-31 00:00:00+00,2024-11-01 00:00:00+00
e2075f6a-1673-4960-853b-2a7eaa2e5425,a132627e-5ab2-4ff5-af99-2511ac802021,15,2024-07-23 00:00:00+00,2024-07-30 00:00:00+00,category_promotion,True,new_customers,active,2024-07-22 00:00:00+00,2024-07-23 00:00:00+00
7988578c-61c2-465a-8a3f-8f07f6cb37b1,d45e1846-c482-4696-88dd-20a504214a2a,20,2025-09-16 00:00:00+00,2025-09-30 00:00:00+00,category_promotion,True,new_customers,active,2025-09-15 00:00:00+00,2025-09-16 00:00:00+00
085edbac-9ec2-419a-b183-9896f6cbeb99,53c3dece-8139-495f-83f6-55f6033690ce,40,2025-08-26 00:00:00+00,2025-09-25 00:00:00+00,new_customer,False,all_customers,active,2025-08-25 00:00:00+00,2025-08-26 00:00:00+00
ebe5b36c-9cb6-4d3c-b224-b9ef8b9e4d3c,e0351723-69c9-41e1-a72c-0ddf3b1cd394,40,2024-11-07 00:00:00+00,2024-11-10 00:00:00+00,weekend_deal,False,all_customers,expired,2024-11-06 00:00:00+00,2024-11-07 00:00:00+00
f0e3c827-b3ca-4d4b-a29b-d598f4fdebdd,0bf78e6d-8855-49a0-94f1-239af300e65e,10,2024-10-23 00:00:00+00,2024-10-26 00:00:00+00,weekend_deal,False,all_customers,expired,2024-10-22 00:00:00+00,2024-10-23 00:00:00+00
3f12e802-62c9-4037-a075-c0b008d2d16d,9d6d4043-738b-4bc3-a976-8a3cf695e55b,25,2024-12-15 00:00:00+00,2024-12-22 00:00:00+00,clearance,True,loyal_customers,active,2024-12-14 00:00:00+00,2024-12-15 00:00:00+00
bf79ff54-5898-4197-aa1c-3e1467bcc53c,2b1ab5f4-3f88-4b4f-8387-b1829bfb0963,10,2025-09-12 00:00:00+00,2025-09-26 00:00:00+00,new_customer,True,loyal_customers,active,2025-09-11 00:00:00+00,2025-09-12 00:00:00+00
5b25f491-ca78-4bb1-a6aa-eb0783004420,6587b2de-4a96-4022-a722-7815e5faccb5,20,2025-09-07 00:00:00+00,2025-10-07 00:00:00+00,seasonal_discount,False,all_customers,active,2025-09-06 00:00:00+00,2025-09-07 00:00:00+00
7a72e564-7e0e-4a69-8e34-f53d2be8fdca,51f302e5-599c-47cd-82f8-7f793a1081fa,5,2024-08-27 00:00:00+00,2024-09-03 00:00:00+00,flash_sale,True,segment_targeted,active,2024-08-26 00:00:00+00,2024-08-27 00:00:00+00
e2ebf530-929f-4e66-bd6c-46dc32fbdae1,fbe96c7d-daed-4b66-b0b8-20af17d547de,40,2024-08-04 00:00:00+00,2024-08-11 00:00:00+00,loyalty_reward,True,loyal_customers,active,2024-08-03 00:00:00+00,2024-08-04 00:00:00+00
228c2090-e5be-44f1-b582-ad5ec70889a8,2a1b70a2-1511-4852-aa36-6063390835a1,20,2024-07-22 00:00:00+00,2024-07-29 00:00:00+00,seasonal_discount,True,all_customers,active,2024-07-21 00:00:00+00,2024-07-22 00:00:00+00
147ae1df-01ee-4d5b-bc57-0d35aa940305,2731a1db-03e2-44bb-9338-7308b6fcb5ee,15,2025-09-14 00:00:00+00,2025-09-28 00:00:00+00,new_customer,False,all_customers,active,2025-09-13 00:00:00+00,2025-09-14 00:00:00+00
412e76a7-8791-4399-af9b-18aa756795fa,4e2690f6-c9fd-4d5c-92a5-959fa68fe92d,15,2025-01-17 00:00:00+00,2025-02-16 00:00:00+00,new_customer,True,all_customers,expired,2025-01-16 00:00:00+00,2025-01-17 00:00:00+00
3eee344c-dcc5-493c-b2ad-155a071fe2e7,f3ac97a0-e39d-4595-a1b4-e4a806c85ab0,5,2024-12-19 00:00:00+00,2025-01-18 00:00:00+00,new_customer,True,all_customers,active,2024-12-18 00:00:00+00,2024-12-19 00:00:00+00
0644a1ec-61ad-4bae-bd85-52b590faddcb,6f0fd214-bba9-4814-aba3-35ab0cec1b77,15,2025-04-12 00:00:00+00,2025-04-19 00:00:00+00,seasonal_discount,True,new_customers,expired,2025-04-11 00:00:00+00,2025-04-12 00:00:00+00
db04b467-202b-4594-bddb-f6300fac9956,b76e4435-a815-4ffd-b25c-7cd87c858e12,15,2025-01-26 00:00:00+00,2025-01-29 00:00:00+00,bundle_deal,True,new_customers,expired,2025-01-25 00:00:00+00,2025-01-26 00:00:00+00
14433157-c63e-4624-bd4d-a61d46e9810b,cd3997cd-aa31-4725-8bac-cd5682f46b4d,5,2024-08-23 00:00:00+00,2024-08-30 00:00:00+00,seasonal_discount,False,all_customers,active,2024-08-22 00:00:00+00,2024-08-23 00:00:00+00
2be6774c-04c7-490c-a658-e9be55401960,2a1b70a2-1511-4852-aa36-6063390835a1,20,2025-04-17 00:00:00+00,2025-04-20 00:00:00+00,flash_sale,True,all_customers,expired,2025-04-16 00:00:00+00,2025-04-17 00:00:00+00
279ba5be-004e-4c9f-91f0-20291b2d3b9b,ba169e42-733d-4dbf-81c9-d40262b29a0d,25,2025-03-01 00:00:00+00,2025-03-31 00:00:00+00,weekend_deal,True,loyal_customers,active,2025-02-28 00:00:00+00,2025-03-01 00:00:00+00
9db9efa2-4d41-4bc2-9f29-099e2252b586,9b50856c-5624-427f-b1b5-09575da2fdf5,25,2025-06-15 00:00:00+00,2025-07-15 00:00:00+00,weekend_deal,False,all_customers,active,2025-06-14 00:00:00+00,2025-06-15 00:00:00+00
5964cae0-f5ee-4c91-b62a-95a75d954c75,cd3997cd-aa31-4725-8bac-cd5682f46b4d,30,2024-09-17 00:00:00+00,2024-10-17 00:00:00+00,clearance,False,all_customers,active,2024-09-16 00:00:00+00,2024-09-17 00:00:00+00
b89b7a4b-49f8-476a-b8e1-efb74709656b,46d9587e-4d79-4ab0-88c1-c6582a7b0440,15,2025-01-15 00:00:00+00,2025-01-29 00:00:00+00,seasonal_discount,False,all_customers,active,2025-01-14 00:00:00+00,2025-01-15 00:00:00+00
088021bf-48b9-4e16-ab3f-2bf6140f2de4,8b4ab317-8626-4c3a-8ae8-c5c1c36c2a92,50,2024-09-12 00:00:00+00,2024-09-15 00:00:00+00,new_customer,False,all_customers,active,2024-09-11 00:00:00+00,2024-09-12 00:00:00+00
ef9229a3-655f-4066-a21a-bd708a0f4397,5313cbbe-e02a-47a4-8bbb-933890d70909,20,2025-09-04 00:00:00+00,2025-09-18 00:00:00+00,category_promotion,True,loyal_customers,active,2025-09-03 00:00:00+00,2025-09-04 00:00:00+00
f4d09762-301a-4666-8329-42d7a4382d52,ae51e0c6-5aaf-4dee-871b-39a37d066861,50,2025-02-13 00:00:00+00,2025-03-15 00:00:00+00,bundle_deal,False,all_customers,active,2025-02-12 00:00:00+00,2025-02-13 00:00:00+00
c725e174-9cf5-4cd2-bc71-8587ce582cdb,de962a4a-3402-4756-b293-931e871f81f2,20,2025-07-06 00:00:00+00,2025-07-13 00:00:00+00,new_customer,False,all_customers,active,2025-07-05 00:00:00+00,2025-07-06 00:00:00+00
cb5c8f64-6e86-4ab0-a12a-f0313cd88b49,9bfed510-2661-496e-84cd-f17e02643398,50,2025-09-21 00:00:00+00,2025-10-05 00:00:00+00,bundle_deal,True,loyal_customers,active,2025-09-20 00:00:00+00,2025-09-21 00:00:00+00
72104074-87cc-4d9c-accd-f41ebe491b2f,1843b1a7-9954-4b7e-bc25-edc5a3573bf2,50,2025-01-18 00:00:00+00,2025-01-25 00:00:00+00,weekend_deal,False,all_customers,active,2025-01-17 00:00:00+00,2025-01-18 00:00:00+00
bf31c0bb-085b-43b1-8db0-387224641ca4,d7ca81b4-b1ee-4b4e-9c0c-90e30eeab2f3,5,2025-08-01 00:00:00+00,2025-08-31 00:00:00+00,bundle_deal,False,all_customers,active,2025-07-31 00:00:00+00,2025-08-01 00:00:00+00
0681bc8b-8a12-490f-ac5a-310375f7da27,e2ca85ff-06b7-4388-94d5-5d60985dccf5,40,2025-06-03 00:00:00+00,2025-07-03 00:00:00+00,weekend_deal,False,all_customers,expired,2025-06-02 00:00:00+00,2025-06-03 00:00:00+00
b93b8495-b628-4111-92c6-543ec9b80d26,6fd8a853-7f6f-4114-880c-1cfb5b1c227a,25,2025-01-14 00:00:00+00,2025-01-21 00:00:00+00,category_promotion,True,segment_targeted,active,2025-01-13 00:00:00+00,2025-01-14 00:00:00+00
d1493990-1b26-49d8-949c-8ebe82304928,bff9eab9-51b7-4ca0-b67d-fb0fc8959aa1,40,2024-10-10 00:00:00+00,2024-10-17 00:00:00+00,new_customer,False,all_customers,active,2024-10-09 00:00:00+00,2024-10-10 00:00:00+00
b9ffb031-410c-4d9b-9d8e-ff1b0e4aa6ed,8ffad414-e4d5-42d9-90b2-7031acb02759,30,2025-07-26 00:00:00+00,2025-08-25 00:00:00+00,flash_sale,True,all_customers,active,2025-07-25 00:00:00+00,2025-07-26 00:00:00+00
b41fa8ba-e49a-483b-853f-be68d0b7f1bc,2eaae655-0703-4deb-8fdf-731c575daf82,5,2024-07-11 00:00:00+00,2024-07-14 00:00:00+00,flash_sale,False,all_customers,active,2024-07-10 00:00:00+00,2024-07-11 00:00:00+00
c2a3149a-d576-4d79-a518-825dfcce3f25,cd3997cd-aa31-4725-8bac-cd5682f46b4d,15,2024-12-30 00:00:00+00,2025-01-06 00:00:00+00,flash_sale,True,new_customers,active,2024-12-29 00:00:00+00,2024-12-30 00:00:00+00
c9708eec-5ee8-486d-b0e1-1ad615e732d7,0d3f298f-44e3-4fe1-850f-e4749126d41d,50,2024-12-09 00:00:00+00,2025-01-08 00:00:00+00,loyalty_reward,False,all_customers,active,2024-12-08 00:00:00+00,2024-12-09 00:00:00+00
453dcea2-7afb-48be-8477-28adceef6e87,eecb7270-a51b-4f52-a99e-8b9f8ac0cf2c,15,2025-08-15 00:00:00+00,2025-08-22 00:00:00+00,flash_sale,False,all_customers,active,2025-08-14 00:00:00+00,2025-08-15 00:00:00+00
db69e39d-3258-425f-a81c-b584ff17c87a,0a8611a7-9c6d-45d0-b49b-bcc165d37fa2,50,2025-01-26 00:00:00+00,2025-02-02 00:00:00+00,new_customer,True,new_customers,active,2025-01-25 00:00:00+00,2025-01-26 00:00:00+00
40141d27-f6fd-46cb-9c57-c89ac71c71c8,c6113e2e-5199-497a-85bd-cd4a4df8be31,10,2024-09-14 00:00:00+00,2024-10-14 00:00:00+00,category_promotion,True,segment_targeted,active,2024-09-13 00:00:00+00,2024-09-14 00:00:00+00
a7fbdb98-a09d-4222-aca4-0682d23aa401,5cf040b0-5d30-4e7e-869e-6c73130bcc01,30,2024-09-26 00:00:00+00,2024-09-29 00:00:00+00,weekend_deal,True,segment_targeted,active,2024-09-25 00:00:00+00,2024-09-26 00:00:00+00
3d12f897-18d5-4672-b814-3042fcbadccd,de8578de-82a7-405c-ae7e-115d8a5f07d0,30,2025-03-09 00:00:00+00,2025-03-23 00:00:00+00,flash_sale,True,new_customers,expired,2025-03-08 00:00:00+00,2025-03-09 00:00:00+00
4e2b6c79-c306-46b5-a7ab-195078254e03,4ef5a2d4-c563-4717-ae74-b71d12b77338,15,2024-12-01 00:00:00+00,2024-12-31 00:00:00+00,new_customer,False,all_customers,active,2024-11-30 00:00:00+00,2024-12-01 00:00:00+00
a6b0d1c8-2213-47a7-8763-2a7bc1ec85aa,1ba12ddc-2311-47e4-b777-66d044edd6a5,30,2024-11-27 00:00:00+00,2024-11-30 00:00:00+00,seasonal_discount,True,loyal_customers,active,2024-11-26 00:00:00+00,2024-11-27 00:00:00+00
212a335e-1327-4bb4-9fe2-28be0b05d83c,0947fd2a-fc3e-4112-b932-d671043651bc,30,2025-01-30 00:00:00+00,2025-02-06 00:00:00+00,clearance,True,segment_targeted,active,2025-01-29 00:00:00+00,2025-01-30 00:00:00+00
3d98fbb0-9495-488f-9d82-6de65dc29041,c56d279a-c95a-4e74-9393-3e70a5f61499,30,2024-07-13 00:00:00+00,2024-08-12 00:00:00+00,new_customer,True,all_customers,active,2024-07-12 00:00:00+00,2024-07-13 00:00:00+00
3e5b413f-44a2-4830-8a21-e67538c25840,54a0a4d0-296c-400d-b56e-4cd970748229,30,2025-02-15 00:00:00+00,2025-03-17 00:00:00+00,weekend_deal,False,all_customers,active,2025-02-14 00:00:00+00,2025-02-15 00:00:00+00
b00b88fe-1415-49a2-8769-221918c70b65,0f2ab930-67b3-4de1-b6a4-4946d3c4f9d5,15,2025-04-09 00:00:00+00,2025-04-12 00:00:00+00,seasonal_discount,True,all_customers,active,2025-04-08 00:00:00+00,2025-04-09 00:00:00+00
05d948c0-86d8-4b17-ae50-20552321a3f9,a1f2d4ec-8197-4816-ac10-61e220912e43,40,2025-02-26 00:00:00+00,2025-03-28 00:00:00+00,clearance,False,all_customers,active,2025-02-25 00:00:00+00,2025-02-26 00:00:00+00
807a7b7e-e2a2-4dc9-9468-71437fa0d819,0f2ab930-67b3-4de1-b6a4-4946d3c4f9d5,40,2025-01-04 00:00:00+00,2025-02-03 00:00:00+00,bundle_deal,True,segment_targeted,active,2025-01-03 00:00:00+00,2025-01-04 00:00:00+00
be62e270-9721-4a7f-b3ab-3d948d57abf5,2576a0c9-8f00-4edf-adb5-33e5ed532014,25,2024-10-07 00:00:00+00,2024-11-06 00:00:00+00,weekend_deal,False,all_customers,active,2024-10-06 00:00:00+00,2024-10-07 00:00:00+00
f4670578-f9f4-40c7-9aa6-1e78f0475142,2eaae655-0703-4deb-8fdf-731c575daf82,10,2025-08-17 00:00:00+00,2025-08-31 00:00:00+00,loyalty_reward,False,all_customers,active,2025-08-16 00:00:00+00,2025-08-17 00:00:00+00
f88c11fa-19f1-4f91-ad80-cc3b7d70d437,51f302e5-599c-47cd-82f8-7f793a1081fa,15,2024-11-02 00:00:00+00,2024-11-05 00:00:00+00,loyalty_reward,False,all_customers,active,2024-11-01 00:00:00+00,2024-11-02 00:00:00+00
888c60cc-6553-4be8-9d60-7f32488c0e3e,9b50856c-5624-427f-b1b5-09575da2fdf5,10,2025-08-03 00:00:00+00,2025-08-06 00:00:00+00,seasonal_discount,False,all_customers,active,2025-08-02 00:00:00+00,2025-08-03 00:00:00+00
f06fb168-f99a-4216-b407-999dc62459bf,2731a1db-03e2-44bb-9338-7308b6fcb5ee,15,2025-09-19 00:00:00+00,2025-09-22 00:00:00+00,bundle_deal,True,loyal_customers,active,2025-09-18 00:00:00+00,2025-09-19 00:00:00+00
bd12d3ff-1843-4ed6-97a4-5e95411fb213,51f302e5-599c-47cd-82f8-7f793a1081fa,5,2025-05-10 00:00:00+00,2025-05-13 00:00:00+00,flash_sale,True,segment_targeted,expired,2025-05-09 00:00:00+00,2025-05-10 00:00:00+00
82496048-8d7e-44e7-b1ca-fc98b6d2baf4,dd8989a4-7785-4439-9f57-64cbf5c1c19e,40,2024-08-16 00:00:00+00,2024-08-19 00:00:00+00,new_customer,True,segment_targeted,expired,2024-08-15 00:00:00+00,2024-08-16 00:00:00+00
24ade9f0-ba0e-43fe-9e82-180db5fc5592,b705721a-c93c-4236-9ad9-c8ea085cbbfa,20,2025-01-15 00:00:00+00,2025-01-29 00:00:00+00,new_customer,False,all_customers,active,2025-01-14 00:00:00+00,2025-01-15 00:00:00+00
12278edf-703a-453d-aa23-ffe731155238,89c7401b-0b17-4ea3-bf32-1c0bcd8ddd55,50,2025-05-06 00:00:00+00,2025-05-13 00:00:00+00,seasonal_discount,False,all_customers,active,2025-05-05 00:00:00+00,2025-05-06 00:00:00+00
3ff0d98d-d0a8-41b9-8b18-097d176868a7,208a46e4-dc11-4cd2-858c-a3b5983b186c,15,2024-07-04 00:00:00+00,2024-07-07 00:00:00+00,loyalty_reward,True,new_customers,active,2024-07-03 00:00:00+00,2024-07-04 00:00:00+00
b57f9d9d-e86a-479b-8165-c634bf2dc18b,5bbd3ba1-e614-4b7a-971f-95ae76e3f823,10,2024-10-05 00:00:00+00,2024-10-08 00:00:00+00,bundle_deal,False,all_customers,active,2024-10-04 00:00:00+00,2024-10-05 00:00:00+00
4cebcf54-ec71-4373-8f91-0839a6cb7309,686ea47a-c8de-4190-abb7-f0432a44fabb,25,2024-09-22 00:00:00+00,2024-10-22 00:00:00+00,new_customer,True,new_customers,active,2024-09-21 00:00:00+00,2024-09-22 00:00:00+00
85b4ee53-cb4b-4b8f-8378-951e28c83242,02030fcf-9374-4776-a587-005496c62a0b,5,2024-12-24 00:00:00+00,2024-12-31 00:00:00+00,clearance,True,new_customers,active,2024-12-23 00:00:00+00,2024-12-24 00:00:00+00
d1f74d7e-1a5a-49fa-8349-63de90fb5be7,b76e4435-a815-4ffd-b25c-7cd87c858e12,50,2024-08-01 00:00:00+00,2024-08-04 00:00:00+00,seasonal_discount,False,all_customers,active,2024-07-31 00:00:00+00,2024-08-01 00:00:00+00
9ae86134-75aa-4342-9c7d-cf437de2ebb2,5ff6e2e2-6187-44ad-9b8a-e1785b49ceaf,50,2025-02-06 00:00:00+00,2025-02-09 00:00:00+00,flash_sale,False,all_customers,active,2025-02-05 00:00:00+00,2025-02-06 00:00:00+00
09ae7857-d847-4930-a3ee-2da3ce5a986b,49e993b0-aab7-4e1b-babf-f27ffa6c0b19,25,2025-01-02 00:00:00+00,2025-01-05 00:00:00+00,weekend_deal,True,new_customers,active,2025-01-01 00:00:00+00,2025-01-02 00:00:00+00
ce7599b8-99f1-422b-9469-3cca9285a9bb,6f97e777-9055-439c-8547-e515fd691645,50,2025-03-03 00:00:00+00,2025-03-17 00:00:00+00,weekend_deal,False,all_customers,active,2025-03-02 00:00:00+00,2025-03-03 00:00:00+00
b0198fbf-0a13-4f74-aa91-82a1d930df28,2c599662-dc77-41f3-abaf-d4bb3bf8ca5c,15,2024-10-06 00:00:00+00,2024-10-13 00:00:00+00,bundle_deal,False,all_customers,active,2024-10-05 00:00:00+00,2024-10-06 00:00:00+00
6cb79a2e-343f-4d44-930e-a42fc382199b,70d37a78-3d84-4c40-a801-a0c449edf4c3,40,2025-02-22 00:00:00+00,2025-03-08 00:00:00+00,weekend_deal,False,all_customers,active,2025-02-21 00:00:00+00,2025-02-22 00:00:00+00
b99095c3-e180-4195-8074-2bdf34eb113c,6c38f5db-9dbb-48e5-82fc-f69268e4b45b,40,2025-07-13 00:00:00+00,2025-08-12 00:00:00+00,bundle_deal,True,segment_targeted,active,2025-07-12 00:00:00+00,2025-07-13 00:00:00+00
6aa93fa2-cdde-4575-a562-c25f8a0e3a6a,fa06e211-9e0a-4628-b579-ec8c755e758f,40,2025-05-20 00:00:00+00,2025-05-27 00:00:00+00,category_promotion,False,all_customers,active,2025-05-19 00:00:00+00,2025-05-20 00:00:00+00
2c8cf45b-37fd-4d03-af62-bb3a7103857a,c6113e2e-5199-497a-85bd-cd4a4df8be31,15,2024-09-27 00:00:00+00,2024-10-04 00:00:00+00,seasonal_discount,False,all_customers,active,2024-09-26 00:00:00+00,2024-09-27 00:00:00+00
97606480-0ca2-4caf-84d8-0a86fc506028,4a0c2c87-4e11-4db4-9751-94435f1029e4,20,2024-11-16 00:00:00+00,2024-11-30 00:00:00+00,category_promotion,False,all_customers,expired,2024-11-15 00:00:00+00,2024-11-16 00:00:00+00
46fdeb36-d7c4-4c2e-85bc-a8e109cf6e38,9834fa25-e85c-4aa1-a8b1-8b2f0493c844,20,2025-09-11 00:00:00+00,2025-09-25 00:00:00+00,weekend_deal,False,all_customers,active,2025-09-10 00:00:00+00,2025-09-11 00:00:00+00
9258a2c4-5c32-4e7b-bb38-97e8ec8b22db,9bfed510-2661-496e-84cd-f17e02643398,50,2025-09-10 00:00:00+00,2025-09-17 00:00:00+00,bundle_deal,True,all_customers,active,2025-09-09 00:00:00+00,2025-09-10 00:00:00+00
4cd7842e-6de2-4076-a7ed-75f250bd9523,cb527825-4e37-40f1-b3ab-6f4664474e83,25,2024-12-13 00:00:00+00,2025-01-12 00:00:00+00,weekend_deal,False,all_customers,active,2024-12-12 00:00:00+00,2024-12-13 00:00:00+00
f5d027c2-03b4-40a8-ab5c-9bc0fedd5a70,53c3dece-8139-495f-83f6-55f6033690ce,25,2025-03-09 00:00:00+00,2025-03-12 00:00:00+00,clearance,True,new_customers,active,2025-03-08 00:00:00+00,2025-03-09 00:00:00+00
e3a58b78-b2a4-4bd6-90af-40aa99907dae,5380bca4-f4ae-418a-99e6-08cf1d02a3d8,15,2025-05-10 00:00:00+00,2025-05-13 00:00:00+00,bundle_deal,True,new_customers,active,2025-05-09 00:00:00+00,2025-05-10 00:00:00+00
7eb78107-d3bb-4fb7-a306-b2908565ca01,8561db18-9ad5-4221-865f-e8f23c6bbafd,50,2024-09-04 00:00:00+00,2024-09-18 00:00:00+00,weekend_deal,False,all_customers,active,2024-09-03 00:00:00+00,2024-09-04 00:00:00+00
2d376cbe-d420-454a-8e1c-ee6ca633ef5a,6f49dd79-79b1-402f-8d7b-b3dcc72e7d36,20,2024-10-16 00:00:00+00,2024-10-30 00:00:00+00,weekend_deal,True,new_customers,active,2024-10-15 00:00:00+00,2024-10-16 00:00:00+00
28b0388c-92e1-4f60-97f0-f35e515eaf50,6587b2de-4a96-4022-a722-7815e5faccb5,20,2024-12-22 00:00:00+00,2025-01-05 00:00:00+00,new_customer,True,new_customers,active,2024-12-21 00:00:00+00,2024-12-22 00:00:00+00
0b76b1eb-db0e-4392-91dd-b6e91a1c2293,19466e5f-ed88-44af-a638-d204c149a5aa,50,2024-10-30 00:00:00+00,2024-11-06 00:00:00+00,bundle_deal,True,all_customers,active,2024-10-29 00:00:00+00,2024-10-30 00:00:00+00
1784a3f8-9099-4369-b116-bd3f31fe2599,36bea09e-5ef3-4072-b7d1-e3b8605f4f83,30,2025-01-13 00:00:00+00,2025-01-20 00:00:00+00,weekend_deal,False,all_customers,active,2025-01-12 00:00:00+00,2025-01-13 00:00:00+00
6878a99d-56ec-4ace-9e2e-50c7a685f2d1,cd3997cd-aa31-4725-8bac-cd5682f46b4d,10,2025-09-30 00:00:00+00,2025-10-14 00:00:00+00,new_customer,False,all_customers,active,2025-09-29 00:00:00+00,2025-09-30 00:00:00+00
dc0695f0-6338-4905-b6b3-2e09986ad857,8651e2ba-cca6-44e7-999d-421ef8a90b23,30,2025-06-30 00:00:00+00,2025-07-07 00:00:00+00,weekend_deal,True,all_customers,active,2025-06-29 00:00:00+00,2025-06-30 00:00:00+00
28d712b4-20ee-4118-a424-34435f3b11e9,fbbe5410-b55a-4a9b-ba50-5c171c3d697e,30,2024-07-02 00:00:00+00,2024-07-16 00:00:00+00,loyalty_reward,True,loyal_customers,active,2024-07-01 00:00:00+00,2024-07-02 00:00:00+00
93747f2d-9843-4ccc-bbdb-85801e6cd9a8,aebb84b5-740a-45c3-9a70-3cb247b7301e,30,2024-12-11 00:00:00+00,2025-01-10 00:00:00+00,new_customer,True,segment_targeted,active,2024-12-10 00:00:00+00,2024-12-11 00:00:00+00
85b86a75-cad2-4077-894e-93e7f5c332bd,5eb0834b-a7e1-45ad-af51-1abff9bde981,25,2025-05-06 00:00:00+00,2025-05-09 00:00:00+00,clearance,True,segment_targeted,active,2025-05-05 00:00:00+00,2025-05-06 00:00:00+00
15aa4a28-7054-42c5-aa53-e1432abf5fe5,e2480524-4bd8-46d8-b4d2-53e1c48ef486,25,2025-02-02 00:00:00+00,2025-02-05 00:00:00+00,loyalty_reward,False,all_customers,active,2025-02-01 00:00:00+00,2025-02-02 00:00:00+00
7687a3be-736b-4011-afde-e4e3067d18b7,9c880dd8-9d81-4429-8512-0c38fa98be51,10,2025-05-30 00:00:00+00,2025-06-29 00:00:00+00,loyalty_reward,False,all_customers,active,2025-05-29 00:00:00+00,2025-05-30 00:00:00+00
70cd3272-3bf9-41c9-b44f-a505c17c389a,cd673263-8152-4483-b555-f6f370a838bc,50,2025-04-11 00:00:00+00,2025-04-18 00:00:00+00,clearance,True,all_customers,active,2025-04-10 00:00:00+00,2025-04-11 00:00:00+00
a3c3849c-db4e-404a-92e2-a15525726e9e,f067a430-add6-4255-95a5-8800ac903f8f,25,2025-06-27 00:00:00+00,2025-07-27 00:00:00+00,loyalty_reward,False,all_customers,active,2025-06-26 00:00:00+00,2025-06-27 00:00:00+00
dcb536d2-7cff-4174-afb4-45cb556595a1,26a77081-a560-47bb-8595-dec46055e614,30,2024-09-02 00:00:00+00,2024-09-05 00:00:00+00,loyalty_reward,True,new_customers,active,2024-09-01 00:00:00+00,2024-09-02 00:00:00+00
8375b041-f1e5-4fe2-8e7a-64b05ecb6541,6bde5aee-c917-46cb-89ba-98785fba3406,40,2025-01-09 00:00:00+00,2025-01-12 00:00:00+00,loyalty_reward,True,loyal_customers,active,2025-01-08 00:00:00+00,2025-01-09 00:00:00+00
c6c3b864-af7d-41d0-8566-df7dd2aa71de,8bc2f094-d85a-414c-8d03-4713a7e73d4a,25,2025-07-25 00:00:00+00,2025-07-28 00:00:00+00,seasonal_discount,False,all_customers,active,2025-07-24 00:00:00+00,2025-07-25 00:00:00+00
b13cd216-4dea-44ea-94d6-cb53c1990a4f,4e2690f6-c9fd-4d5c-92a5-959fa68fe92d,50,2025-07-06 00:00:00+00,2025-07-13 00:00:00+00,flash_sale,False,all_customers,expired,2025-07-05 00:00:00+00,2025-07-06 00:00:00+00
0e50c79e-0171-427d-9dcc-6a5e16ae829f,ce7aa357-1b7a-4278-ab05-18607c5d5933,20,2025-03-25 00:00:00+00,2025-04-01 00:00:00+00,bundle_deal,False,all_customers,active,2025-03-24 00:00:00+00,2025-03-25 00:00:00+00
f1d4510e-a4c2-457d-9eb3-d45c7fab9f60,648af7d2-e260-49a2-8d80-7b61807860be,30,2024-08-11 00:00:00+00,2024-09-10 00:00:00+00,category_promotion,True,loyal_customers,active,2024-08-10 00:00:00+00,2024-08-11 00:00:00+00
d1332071-b667-4798-bb36-a7eb5c6e0a2c,fdf51d3b-c147-4a8c-bce3-cb720c35e39d,15,2025-01-30 00:00:00+00,2025-03-01 00:00:00+00,new_customer,True,all_customers,active,2025-01-29 00:00:00+00,2025-01-30 00:00:00+00
bf1105cb-fc49-468a-87c8-ba8c28d6255b,1de79f20-e541-4f01-a0ed-8dd84f44233a,20,2025-07-26 00:00:00+00,2025-08-09 00:00:00+00,seasonal_discount,False,all_customers,expired,2025-07-25 00:00:00+00,2025-07-26 00:00:00+00
2b6b183e-ffca-45cc-bbbc-7a61de4928d0,99a55e6c-01df-43c9-b8dc-1ae7491130a0,50,2025-06-23 00:00:00+00,2025-06-30 00:00:00+00,new_customer,False,all_customers,active,2025-06-22 00:00:00+00,2025-06-23 00:00:00+00
764a339e-4599-48ef-a98f-a698d6c0e666,aba748af-bcc4-495f-a057-bc67075c1732,30,2024-09-17 00:00:00+00,2024-09-24 00:00:00+00,category_promotion,False,all_customers,expired,2024-09-16 00:00:00+00,2024-09-17 00:00:00+00
ee192b20-d43a-4ccb-be59-452061222bf5,a81207ca-a3e1-4d11-a056-2d8cb74c8f0f,5,2024-11-26 00:00:00+00,2024-12-26 00:00:00+00,flash_sale,True,loyal_customers,expired,2024-11-25 00:00:00+00,2024-11-26 00:00:00+00
50d8c93e-0008-4b7c-aef6-d2f4a3332429,974ec143-a955-44a1-889e-df5aa5080991,20,2024-07-19 00:00:00+00,2024-07-26 00:00:00+00,bundle_deal,True,all_customers,active,2024-07-18 00:00:00+00,2024-07-19 00:00:00+00
595c658a-56e5-4e20-9d6d-3d22b98085bf,3a191422-e1e8-4aac-a8e9-ec780a8df83b,15,2025-09-25 00:00:00+00,2025-10-09 00:00:00+00,loyalty_reward,False,all_customers,active,2025-09-24 00:00:00+00,2025-09-25 00:00:00+00
0a82fcfa-81fb-4a63-8cdf-bda57059b7e9,67f82d48-7155-4073-a163-f3f4eb711ea3,25,2025-05-18 00:00:00+00,2025-06-01 00:00:00+00,loyalty_reward,True,loyal_customers,active,2025-05-17 00:00:00+00,2025-05-18 00:00:00+00
5d9fc9f8-8a42-499e-ab55-d0d867757c2f,f5683980-b94d-44e7-ad50-09ae30d6886e,30,2025-05-08 00:00:00+00,2025-05-22 00:00:00+00,clearance,False,all_customers,active,2025-05-07 00:00:00+00,2025-05-08 00:00:00+00
6b281a5c-4502-400e-9b31-030971020013,e4e2c53d-5aa1-45a7-a399-5876b7a84e42,5,2024-11-24 00:00:00+00,2024-12-24 00:00:00+00,category_promotion,False,all_customers,active,2024-11-23 00:00:00+00,2024-11-24 00:00:00+00
3bdbb198-73c9-4710-881b-f1d9048940e4,71d54116-0e5d-4742-968a-bc0f1ade1396,10,2024-07-22 00:00:00+00,2024-08-21 00:00:00+00,new_customer,True,segment_targeted,active,2024-07-21 00:00:00+00,2024-07-22 00:00:00+00
f026d730-8a77-493d-93d1-be4e07e083c6,8d416c23-e2bd-4a70-ab4e-5c87ce4a8a67,20,2025-07-18 00:00:00+00,2025-08-01 00:00:00+00,bundle_deal,True,new_customers,active,2025-07-17 00:00:00+00,2025-07-18 00:00:00+00
4380ecbb-3ca8-4134-84de-319a72fd637f,89cb7805-1184-4159-8100-1bad00505e26,25,2025-05-17 00:00:00+00,2025-05-24 00:00:00+00,seasonal_discount,False,all_customers,active,2025-05-16 00:00:00+00,2025-05-17 00:00:00+00
dcc9449b-0ab1-4f4b-834e-18132abfcb84,2baba065-3a4c-4cb9-b641-d995c2d4e5ae,30,2025-08-29 00:00:00+00,2025-09-05 00:00:00+00,category_promotion,False,all_customers,active,2025-08-28 00:00:00+00,2025-08-29 00:00:00+00
4b518439-baf6-4ef0-a95c-3a67567ca360,abf20820-e494-48c9-bfcd-d052d4b018bb,50,2025-01-17 00:00:00+00,2025-01-24 00:00:00+00,clearance,False,all_customers,active,2025-01-16 00:00:00+00,2025-01-17 00:00:00+00
d89e563d-3491-4cf9-840b-e8a32950a884,2edf2b67-691d-49f0-b243-d064a298f947,10,2025-09-12 00:00:00+00,2025-09-19 00:00:00+00,seasonal_discount,True,all_customers,active,2025-09-11 00:00:00+00,2025-09-12 00:00:00+00
dc44b5e1-71d8-434b-a9c6-e4982bfb95d1,28eba73a-a575-4f51-9e92-95af951d18be,5,2024-07-06 00:00:00+00,2024-07-20 00:00:00+00,category_promotion,False,all_customers,active,2024-07-05 00:00:00+00,2024-07-06 00:00:00+00
88331c12-6936-4424-b42d-59a11bc14513,ffabeff6-7bb7-426a-ad41-a84c829cb865,5,2024-09-20 00:00:00+00,2024-09-23 00:00:00+00,new_customer,False,all_customers,active,2024-09-19 00:00:00+00,2024-09-20 00:00:00+00
5729444d-3c12-4041-865a-103f0ff71484,86c991b8-ee38-4eff-92bd-638dcfe861f1,10,2025-09-22 00:00:00+00,2025-10-06 00:00:00+00,seasonal_discount,False,all_customers,active,2025-09-21 00:00:00+00,2025-09-22 00:00:00+00
d8b3e53c-6aff-4ca9-aa04-be409b616cb8,c2750b94-3922-4e08-afa3-0a3963757b50,15,2024-08-31 00:00:00+00,2024-09-14 00:00:00+00,new_customer,False,all_customers,expired,2024-08-30 00:00:00+00,2024-08-31 00:00:00+00
8ef7ef7f-51ab-4522-a039-532cc63bbc83,fbbe5410-b55a-4a9b-ba50-5c171c3d697e,50,2025-07-17 00:00:00+00,2025-07-20 00:00:00+00,flash_sale,False,all_customers,expired,2025-07-16 00:00:00+00,2025-07-17 00:00:00+00
4d95db69-9420-4f72-a16d-326c3853f230,9b50856c-5624-427f-b1b5-09575da2fdf5,25,2025-02-19 00:00:00+00,2025-03-05 00:00:00+00,weekend_deal,False,all_customers,expired,2025-02-18 00:00:00+00,2025-02-19 00:00:00+00
e55317ed-90fa-4737-8dc9-16874804842d,6d5833e2-b3cb-4a2e-9fe7-8f2a4d7b9551,10,2024-09-17 00:00:00+00,2024-09-24 00:00:00+00,category_promotion,False,all_customers,expired,2024-09-16 00:00:00+00,2024-09-17 00:00:00+00
34a6c461-67d9-43bb-a5a1-ae79c43044ab,3af30335-3124-44eb-b3ce-598178e36419,40,2025-02-07 00:00:00+00,2025-03-09 00:00:00+00,seasonal_discount,False,all_customers,active,2025-02-06 00:00:00+00,2025-02-07 00:00:00+00
988d7b97-e7cd-42b2-93fe-c1da04b17ad8,8779592a-ff3a-4f66-8bf7-3497266b8d48,25,2025-06-02 00:00:00+00,2025-06-05 00:00:00+00,new_customer,True,loyal_customers,active,2025-06-01 00:00:00+00,2025-06-02 00:00:00+00
7c348a57-ad85-4952-97bc-32efa7203ac4,bebaafcf-4e26-4562-b5cc-10fecafc8436,20,2025-06-09 00:00:00+00,2025-06-23 00:00:00+00,weekend_deal,False,all_customers,active,2025-06-08 00:00:00+00,2025-06-09 00:00:00+00
c43d639f-6286-4627-9252-21dc7b41aa26,e4e2c53d-5aa1-45a7-a399-5876b7a84e42,50,2024-07-23 00:00:00+00,2024-08-22 00:00:00+00,clearance,True,all_customers,active,2024-07-22 00:00:00+00,2024-07-23 00:00:00+00
a1e5e081-a850-4987-9d46-f5a89c2fbbfa,aeaee39d-d711-4fe1-8573-3f9f9ab4cea2,50,2025-01-05 00:00:00+00,2025-02-04 00:00:00+00,bundle_deal,True,new_customers,active,2025-01-04 00:00:00+00,2025-01-05 00:00:00+00
41a2c0d4-5fd1-41a5-9b67-d4f76d1e1cdf,42859175-7a1d-4008-b715-abb53e079251,30,2024-09-13 00:00:00+00,2024-09-27 00:00:00+00,category_promotion,False,all_customers,active,2024-09-12 00:00:00+00,2024-09-13 00:00:00+00
bf6a95a6-541a-47c1-a426-1d80c4970ff0,fba89290-b978-47ab-b780-cd93a33d1169,15,2025-07-28 00:00:00+00,2025-08-11 00:00:00+00,category_promotion,True,loyal_customers,active,2025-07-27 00:00:00+00,2025-07-28 00:00:00+00
d4649d35-8f74-41ab-9050-59045c4229aa,4042f38c-f56c-4274-bb46-d26a1c427206,15,2024-08-14 00:00:00+00,2024-08-28 00:00:00+00,bundle_deal,False,all_customers,active,2024-08-13 00:00:00+00,2024-08-14 00:00:00+00
d07dabb4-233b-4729-9cc5-87e80e67f6bb,ae51e0c6-5aaf-4dee-871b-39a37d066861,5,2025-07-21 00:00:00+00,2025-07-28 00:00:00+00,loyalty_reward,False,all_customers,active,2025-07-20 00:00:00+00,2025-07-21 00:00:00+00
2295e6e4-aef1-473b-8f6f-d7b44e232f82,42859175-7a1d-4008-b715-abb53e079251,15,2025-05-20 00:00:00+00,2025-05-27 00:00:00+00,category_promotion,True,segment_targeted,expired,2025-05-19 00:00:00+00,2025-05-20 00:00:00+00
35ac7946-993a-4e6f-8bed-11b7dbeea165,073f5312-0422-4891-a31e-23246d1dc2bd,5,2025-09-24 00:00:00+00,2025-09-27 00:00:00+00,clearance,True,all_customers,active,2025-09-23 00:00:00+00,2025-09-24 00:00:00+00
c7bc381c-dc94-4e39-8dda-1b63609f2d76,2edf2b67-691d-49f0-b243-d064a298f947,30,2024-09-23 00:00:00+00,2024-09-30 00:00:00+00,bundle_deal,False,all_customers,active,2024-09-22 00:00:00+00,2024-09-23 00:00:00+00
00b54ade-cf96-4ebd-b9a3-6fe66f956ea7,89e7ef7d-985b-4139-a36f-b062fd5eedb9,40,2025-01-08 00:00:00+00,2025-02-07 00:00:00+00,bundle_deal,False,all_customers,active,2025-01-07 00:00:00+00,2025-01-08 00:00:00+00
ebd3ac2d-6c08-484b-a5ae-dc3be458b1c1,0bf78e6d-8855-49a0-94f1-239af300e65e,20,2025-07-20 00:00:00+00,2025-07-23 00:00:00+00,loyalty_reward,True,loyal_customers,active,2025-07-19 00:00:00+00,2025-07-20 00:00:00+00
e63df5c0-0909-4b93-a079-f7e61f767a6f,1b96f054-0920-4540-b068-0d0a3d53b9ef,5,2025-07-21 00:00:00+00,2025-07-28 00:00:00+00,weekend_deal,True,all_customers,expired,2025-07-20 00:00:00+00,2025-07-21 00:00:00+00
cd6a791b-0382-45da-8123-89230dcf9bfb,5d0b1a84-a4d1-4709-a6ce-ef79feb0e865,20,2025-06-21 00:00:00+00,2025-07-05 00:00:00+00,new_customer,True,new_customers,active,2025-06-20 00:00:00+00,2025-06-21 00:00:00+00
9b4a6454-4608-47c3-ba6d-da51dc269189,36bea09e-5ef3-4072-b7d1-e3b8605f4f83,5,2025-08-22 00:00:00+00,2025-08-29 00:00:00+00,clearance,False,all_customers,expired,2025-08-21 00:00:00+00,2025-08-22 00:00:00+00
7621cd4a-2e98-441e-988a-7052bad4474c,b54ebf1b-187c-4421-a967-2a70af67a76f,10,2025-08-28 00:00:00+00,2025-08-31 00:00:00+00,flash_sale,False,all_customers,active,2025-08-27 00:00:00+00,2025-08-28 00:00:00+00
fc1358d9-e012-4dd8-b74d-bf4b8455b4d2,d241c781-ea55-4536-92a1-60c8bd1d82f8,5,2025-06-04 00:00:00+00,2025-07-04 00:00:00+00,bundle_deal,True,new_customers,active,2025-06-03 00:00:00+00,2025-06-04 00:00:00+00
97d09584-19cd-4964-ad56-451f8e405cc8,0eb6d763-89d9-43c2-a7b5-a50d06531d49,50,2024-12-03 00:00:00+00,2025-01-02 00:00:00+00,weekend_deal,True,all_customers,active,2024-12-02 00:00:00+00,2024-12-03 00:00:00+00
2d15418d-a6fd-4618-874a-092339d41cf1,3af30335-3124-44eb-b3ce-598178e36419,5,2024-12-11 00:00:00+00,2024-12-25 00:00:00+00,weekend_deal,False,all_customers,active,2024-12-10 00:00:00+00,2024-12-11 00:00:00+00
edd95a70-3b9c-4a79-a049-2a705675277b,93d85dc3-1159-4783-8e64-dd51749375fb,40,2025-07-21 00:00:00+00,2025-07-24 00:00:00+00,weekend_deal,True,new_customers,active,2025-07-20 00:00:00+00,2025-07-21 00:00:00+00
c69df06a-42f3-4b4f-b4d6-01fde2ce6c87,cd673263-8152-4483-b555-f6f370a838bc,10,2024-07-20 00:00:00+00,2024-08-19 00:00:00+00,flash_sale,False,all_customers,expired,2024-07-19 00:00:00+00,2024-07-20 00:00:00+00
2d0f01e0-8c40-45bb-b295-938d732fa523,ef5651c4-a068-4432-99a0-f01ead96e3ca,50,2025-08-30 00:00:00+00,2025-09-02 00:00:00+00,bundle_deal,False,all_customers,active,2025-08-29 00:00:00+00,2025-08-30 00:00:00+00
0e255334-7dd8-4b72-adc9-cccabfb847f6,5be0ba4d-5e9d-4318-8df5-07b051eb180f,25,2024-07-18 00:00:00+00,2024-08-01 00:00:00+00,new_customer,True,loyal_customers,active,2024-07-17 00:00:00+00,2024-07-18 00:00:00+00
c856d284-15d0-45d2-8326-6bf20e7595d5,36bea09e-5ef3-4072-b7d1-e3b8605f4f83,5,2024-07-06 00:00:00+00,2024-07-13 00:00:00+00,flash_sale,True,loyal_customers,active,2024-07-05 00:00:00+00,2024-07-06 00:00:00+00
aad6d596-d874-4472-810e-8240e35f6529,995f8616-5080-4493-b8d3-443f917056ab,5,2024-11-18 00:00:00+00,2024-12-18 00:00:00+00,flash_sale,False,all_customers,active,2024-11-17 00:00:00+00,2024-11-18 00:00:00+00
5420853f-badf-4de5-8793-f80550cc2354,f4bd808c-4cee-40dd-85fd-df6045a97747,25,2024-09-28 00:00:00+00,2024-10-28 00:00:00+00,clearance,True,all_customers,active,2024-09-27 00:00:00+00,2024-09-28 00:00:00+00
79959985-57d8-4d72-870a-b0b31a6f5b0e,5380bca4-f4ae-418a-99e6-08cf1d02a3d8,10,2024-08-26 00:00:00+00,2024-09-02 00:00:00+00,weekend_deal,False,all_customers,active,2024-08-25 00:00:00+00,2024-08-26 00:00:00+00
7d282a5b-1882-411c-8a4a-781feda884e1,dc1d60e9-2c34-4d07-94b9-50470343c1dc,40,2025-08-02 00:00:00+00,2025-08-09 00:00:00+00,loyalty_reward,False,all_customers,active,2025-08-01 00:00:00+00,2025-08-02 00:00:00+00
22c895e1-0d88-4195-b69e-2d70a9a667e0,8561db18-9ad5-4221-865f-e8f23c6bbafd,20,2025-06-15 00:00:00+00,2025-07-15 00:00:00+00,flash_sale,True,all_customers,expired,2025-06-14 00:00:00+00,2025-06-15 00:00:00+00
be5a84f2-75d7-4ec1-adab-00836de56ba3,8ffad414-e4d5-42d9-90b2-7031acb02759,50,2025-07-15 00:00:00+00,2025-07-18 00:00:00+00,category_promotion,False,all_customers,expired,2025-07-14 00:00:00+00,2025-07-15 00:00:00+00
24205440-039c-4101-af2e-77d74c9dfd68,fdf51d3b-c147-4a8c-bce3-cb720c35e39d,10,2025-06-21 00:00:00+00,2025-07-05 00:00:00+00,seasonal_discount,False,all_customers,active,2025-06-20 00:00:00+00,2025-06-21 00:00:00+00
b244ca0c-31cb-49c3-8ce7-bbd814d2efcd,6587b2de-4a96-4022-a722-7815e5faccb5,10,2025-06-25 00:00:00+00,2025-07-25 00:00:00+00,clearance,False,all_customers,active,2025-06-24 00:00:00+00,2025-06-25 00:00:00+00
42dc226e-957f-43ee-b749-a0e86354f057,2edf2b67-691d-49f0-b243-d064a298f947,40,2024-12-31 00:00:00+00,2025-01-30 00:00:00+00,loyalty_reward,True,segment_targeted,expired,2024-12-30 00:00:00+00,2024-12-31 00:00:00+00
26ab2f91-18b4-40fc-af47-061e1f5c080a,4f6cb03c-8764-4051-9bcc-08c8c1bf49c9,20,2024-08-14 00:00:00+00,2024-08-21 00:00:00+00,bundle_deal,False,all_customers,active,2024-08-13 00:00:00+00,2024-08-14 00:00:00+00
360d4d40-2745-4707-9b85-9c1f69689858,5cf040b0-5d30-4e7e-869e-6c73130bcc01,40,2024-08-04 00:00:00+00,2024-08-11 00:00:00+00,seasonal_discount,False,all_customers,active,2024-08-03 00:00:00+00,2024-08-04 00:00:00+00
0975a77b-b83a-4176-80cc-a1c83d2291f1,4d2aeebf-f8b5-485e-b536-6853539d1d41,40,2024-12-01 00:00:00+00,2024-12-08 00:00:00+00,seasonal_discount,False,all_customers,active,2024-11-30 00:00:00+00,2024-12-01 00:00:00+00
f26683fb-6206-479e-b74c-bce0ccec243c,9b6577e5-a395-4020-a125-3e704e804904,5,2024-08-27 00:00:00+00,2024-09-10 00:00:00+00,loyalty_reward,False,all_customers,active,2024-08-26 00:00:00+00,2024-08-27 00:00:00+00
a7f37fe1-2d36-4275-a3be-9ce835eb8799,cf05f0bd-9014-4243-bc30-6060cb1e01ab,20,2025-09-14 00:00:00+00,2025-10-14 00:00:00+00,weekend_deal,False,all_customers,active,2025-09-13 00:00:00+00,2025-09-14 00:00:00+00
be6adb02-787a-4473-8cc3-09b030ca9c75,1843b1a7-9954-4b7e-bc25-edc5a3573bf2,40,2024-08-20 00:00:00+00,2024-08-27 00:00:00+00,loyalty_reward,True,all_customers,active,2024-08-19 00:00:00+00,2024-08-20 00:00:00+00
77122d7d-5955-49c7-a98f-df508cda1d8a,28eba73a-a575-4f51-9e92-95af951d18be,10,2025-03-19 00:00:00+00,2025-03-26 00:00:00+00,flash_sale,False,all_customers,active,2025-03-18 00:00:00+00,2025-03-19 00:00:00+00
f1cbcc10-e83d-4f90-b9a6-489fa43d3f10,6f49dd79-79b1-402f-8d7b-b3dcc72e7d36,30,2025-05-17 00:00:00+00,2025-06-16 00:00:00+00,category_promotion,True,new_customers,expired,2025-05-16 00:00:00+00,2025-05-17 00:00:00+00
f72c3d6a-5737-4f47-9b1c-b600a08f7ce7,4042f38c-f56c-4274-bb46-d26a1c427206,40,2024-07-22 00:00:00+00,2024-08-05 00:00:00+00,bundle_deal,False,all_customers,active,2024-07-21 00:00:00+00,2024-07-22 00:00:00+00
faab84a2-489f-44c2-a06a-7eaa3cbe16f1,8a5bc134-1cfe-43b7-b5ca-92bc58109b6a,15,2025-09-02 00:00:00+00,2025-09-09 00:00:00+00,category_promotion,False,all_customers,active,2025-09-01 00:00:00+00,2025-09-02 00:00:00+00
7e2c71e6-9eaa-43f1-9a83-3945f43c6110,f5683980-b94d-44e7-ad50-09ae30d6886e,20,2025-05-22 00:00:00+00,2025-05-29 00:00:00+00,weekend_deal,True,new_customers,active,2025-05-21 00:00:00+00,2025-05-22 00:00:00+00
647a71b1-5532-46c6-905f-de9b4a8c0745,4042f38c-f56c-4274-bb46-d26a1c427206,40,2025-05-04 00:00:00+00,2025-05-07 00:00:00+00,flash_sale,False,all_customers,active,2025-05-03 00:00:00+00,2025-05-04 00:00:00+00
513f7dc1-7b59-4bda-bff1-93244e59981f,a01b28f3-6cca-4f9f-86bb-3241388ce606,30,2024-09-13 00:00:00+00,2024-09-16 00:00:00+00,clearance,False,all_customers,active,2024-09-12 00:00:00+00,2024-09-13 00:00:00+00
a1ee99fa-20b9-40a3-bbcc-ce1b325cc167,fbe96c7d-daed-4b66-b0b8-20af17d547de,30,2024-12-22 00:00:00+00,2025-01-05 00:00:00+00,weekend_deal,True,loyal_customers,active,2024-12-21 00:00:00+00,2024-12-22 00:00:00+00
8d2ba251-5577-4e90-983d-dcb4f395ea39,bc6afa84-ba0d-4f20-b484-f2b9108ea880,50,2025-09-03 00:00:00+00,2025-09-10 00:00:00+00,weekend_deal,False,all_customers,active,2025-09-02 00:00:00+00,2025-09-03 00:00:00+00
c2f3e462-b709-43b5-abb9-b1e5cd6bea60,da9e6f0a-f458-4210-a083-4c8b0093c00f,25,2025-03-22 00:00:00+00,2025-03-25 00:00:00+00,clearance,True,new_customers,active,2025-03-21 00:00:00+00,2025-03-22 00:00:00+00
716944df-286d-4799-8730-0715149a0a20,686ea47a-c8de-4190-abb7-f0432a44fabb,20,2024-12-08 00:00:00+00,2024-12-22 00:00:00+00,clearance,True,new_customers,expired,2024-12-07 00:00:00+00,2024-12-08 00:00:00+00
936ea571-0461-4fb1-96d5-628010903a56,0f2ab930-67b3-4de1-b6a4-4946d3c4f9d5,25,2025-03-23 00:00:00+00,2025-04-22 00:00:00+00,category_promotion,False,all_customers,active,2025-03-22 00:00:00+00,2025-03-23 00:00:00+00
41110d7a-5a5a-44d1-b58d-da89d918bbf3,266c9d1e-d207-4b93-9791-97cdad42e66c,25,2025-07-29 00:00:00+00,2025-08-05 00:00:00+00,bundle_deal,False,all_customers,active,2025-07-28 00:00:00+00,2025-07-29 00:00:00+00
48670683-6188-494c-9847-cdc37d47919b,2576a0c9-8f00-4edf-adb5-33e5ed532014,50,2024-12-12 00:00:00+00,2024-12-19 00:00:00+00,flash_sale,True,segment_targeted,active,2024-12-11 00:00:00+00,2024-12-12 00:00:00+00
6f8cbbdc-8fe1-411b-8a76-2439cb714cf1,feb61d94-e750-4be6-a1f4-dfbaa34e1829,20,2024-11-27 00:00:00+00,2024-12-04 00:00:00+00,loyalty_reward,True,new_customers,active,2024-11-26 00:00:00+00,2024-11-27 00:00:00+00
7abfe748-6143-44db-8c4e-e196d399605e,6f97e777-9055-439c-8547-e515fd691645,20,2025-03-12 00:00:00+00,2025-03-26 00:00:00+00,clearance,False,all_customers,active,2025-03-11 00:00:00+00,2025-03-12 00:00:00+00
1b383b45-029a-4643-8288-b961529c257a,abf20820-e494-48c9-bfcd-d052d4b018bb,15,2025-04-02 00:00:00+00,2025-04-16 00:00:00+00,flash_sale,False,all_customers,active,2025-04-01 00:00:00+00,2025-04-02 00:00:00+00
12fdc456-63b8-43bb-895c-01576162d87a,0c3e5770-c890-486a-9d5c-21a3a916ad7a,5,2025-01-09 00:00:00+00,2025-02-08 00:00:00+00,clearance,False,all_customers,active,2025-01-08 00:00:00+00,2025-01-09 00:00:00+00
80e1367e-795c-4564-8d19-644449b06185,53014949-fe0e-4459-b8ed-d5ed3295f544,40,2025-04-08 00:00:00+00,2025-04-22 00:00:00+00,seasonal_discount,False,all_customers,active,2025-04-07 00:00:00+00,2025-04-08 00:00:00+00
45c459c6-44d1-438f-8098-9c74492ebb4a,a5a8b132-f211-4115-973e-a47c3eb49371,50,2025-03-08 00:00:00+00,2025-03-11 00:00:00+00,bundle_deal,False,all_customers,expired,2025-03-07 00:00:00+00,2025-03-08 00:00:00+00
c92446e1-69b5-439c-87ec-6b9d9cee1648,d3d7e1f1-0061-4585-b38c-de622c968434,5,2024-09-01 00:00:00+00,2024-09-15 00:00:00+00,flash_sale,False,all_customers,active,2024-08-31 00:00:00+00,2024-09-01 00:00:00+00
af741f13-1e77-4e0c-86c6-9bcbc1881f30,bca5cf1a-2339-4e52-9d1c-c5c7d5be6d0a,15,2025-04-01 00:00:00+00,2025-04-15 00:00:00+00,new_customer,True,loyal_customers,expired,2025-03-31 00:00:00+00,2025-04-01 00:00:00+00
d6ead91a-519a-4e86-b891-aa39603ab123,c6113e2e-5199-497a-85bd-cd4a4df8be31,5,2025-04-17 00:00:00+00,2025-04-20 00:00:00+00,clearance,False,all_customers,active,2025-04-16 00:00:00+00,2025-04-17 00:00:00+00
442eea40-f9a9-48dd-82f2-0888ed6cab13,bbc52fc4-e471-4d15-be6b-54b8b616d407,25,2024-10-27 00:00:00+00,2024-11-03 00:00:00+00,new_customer,True,new_customers,expired,2024-10-26 00:00:00+00,2024-10-27 00:00:00+00
6b5e0d34-bb63-4190-82bc-7944f77c9c8a,2576a0c9-8f00-4edf-adb5-33e5ed532014,20,2025-04-26 00:00:00+00,2025-05-10 00:00:00+00,category_promotion,False,all_customers,active,2025-04-25 00:00:00+00,2025-04-26 00:00:00+00
3a5a2200-c6bd-4597-9915-8c32e81c964a,d756867d-c008-4a78-b4c2-e2d79519dc93,10,2024-07-09 00:00:00+00,2024-07-16 00:00:00+00,weekend_deal,True,new_customers,expired,2024-07-08 00:00:00+00,2024-07-09 00:00:00+00
98fb5812-abe9-4802-b9f3-5c3a9c671571,6f49dd79-79b1-402f-8d7b-b3dcc72e7d36,20,2025-09-06 00:00:00+00,2025-10-06 00:00:00+00,loyalty_reward,False,all_customers,active,2025-09-05 00:00:00+00,2025-09-06 00:00:00+00
ab0cf7fd-f05e-423f-8228-97614daa458b,67f82d48-7155-4073-a163-f3f4eb711ea3,10,2024-10-21 00:00:00+00,2024-11-04 00:00:00+00,clearance,False,all_customers,active,2024-10-20 00:00:00+00,2024-10-21 00:00:00+00
7e8b257b-b097-4271-aa3e-b45e5f7e11d7,2e814ebf-7ecf-4ae9-9cbc-39b3a6c21fdd,50,2025-05-04 00:00:00+00,2025-06-03 00:00:00+00,flash_sale,False,all_customers,active,2025-05-03 00:00:00+00,2025-05-04 00:00:00+00
245001d8-005f-4899-9e3c-6ff304bd06c6,864c54ee-1e1b-4165-a549-971da4b7df99,50,2025-06-30 00:00:00+00,2025-07-30 00:00:00+00,category_promotion,False,all_customers,active,2025-06-29 00:00:00+00,2025-06-30 00:00:00+00
cf0c9484-0eff-4154-8ec4-047915f46b69,e21a089c-cfeb-4618-a879-c6302e9d24ea,25,2025-01-11 00:00:00+00,2025-01-14 00:00:00+00,weekend_deal,False,all_customers,active,2025-01-10 00:00:00+00,2025-01-11 00:00:00+00
3fbc9e6d-681f-4f6f-aa12-d9081147db8d,feb61d94-e750-4be6-a1f4-dfbaa34e1829,30,2025-03-26 00:00:00+00,2025-04-09 00:00:00+00,category_promotion,False,all_customers,active,2025-03-25 00:00:00+00,2025-03-26 00:00:00+00
